22.0969,22.0969,22.0969,22.0969,22.0969,22.0969,22.0969,22.0969,22.0969,22.0969,22.0969,22.0969,22.0969,22.0969,22.0969,22.0969,22.0969,22.0969,22.0969,22.0969,22.0969,22.0969,22.0969,22.0969,22.0996,22.132,22.1395,22.2302,22.2819,22.4478,22.7033,22.7635,22.7986,22.7986,22.7986,22.9421,22.9559,23.2051,24.1279,24.3225,24.387,24.6502,24.7098,24.8768,27.2838,27.6385,29.9912,30.5179,30.5883,33.325,
22.0973,22.0986,22.1003,22.1014,22.1453,22.214,22.2188,22.2415,22.2569,22.2584,22.2627,22.3648,22.3724,22.394,22.4275,22.4707,22.5179,22.6883,22.7302,22.7619,22.7635,22.7635,22.7635,22.7986,22.7986,22.9523,23.1429,23.7048,23.7641,24.0103,24.1396,24.2742,24.3868,24.4279,24.6282,24.6615,24.8718,24.9138,24.9231,25.1871,25.6585,25.734,26.7643,27.3798,27.4,27.4517,28.2653,29.724,30.5179,38.7539,
22.7986,22.7986,22.8122,22.8156,22.9046,22.9374,22.9565,23.0422,23.6079,23.6646,23.8541,23.8883,24.0139,24.169,24.3744,24.3868,24.4228,24.4742,24.5774,24.6045,24.7822,24.9608,25.4123,25.7361,25.7402,27.0002,27.1821,27.7109,27.8266,28.1108,28.2021,28.3508,28.8242,28.8688,28.9366,29.4251,29.8162,29.8162,30.3944,30.5179,30.5179,30.5179,30.7981,31.5124,32.7636,32.9286,36.4349,36.6583,37.6045,38.518,
26.346,27.1001,27.1395,27.5706,27.6669,27.7116,27.8144,27.8144,27.8144,27.8187,28.0973,28.2604,28.3287,28.4477,28.4945,28.5123,28.5304,28.8688,28.8688,28.8832,28.9057,29.0625,29.0934,29.14,29.3725,29.4302,29.4303,29.4356,29.7257,29.7443,29.8162,29.8162,29.8729,30.0969,30.1552,30.3092,30.4754,30.5179,30.5179,30.5179,30.5179,30.5179,30.7462,30.9059,31.1693,31.643,34.1986,34.546,38.5464,39.0927,
27.82,27.825,28.0848,28.1173,28.2372,28.2372,28.2667,28.3074,28.3077,28.3929,28.5675,28.6818,28.7106,28.7285,28.8501,28.8682,28.8688,29.0063,29.1038,29.1104,29.3141,29.4302,29.4302,29.4555,29.505,29.5637,29.5706,29.6655,29.7443,29.8162,29.8164,29.8962,29.9762,29.9894,30.0231,30.0899,30.2997,30.5179,30.5179,30.5179,30.5179,30.8587,31.1693,31.2713,31.2986,31.7235,34.4614,38.518,39.1445,39.1452,
28.9039,28.939,28.9742,28.9755,29.0442,29.0603,29.0682,29.2245,29.3951,29.4302,29.4302,29.4532,29.5415,29.5999,29.6232,29.721,29.7443,29.7535,29.8162,29.8312,29.8513,29.9916,30.0642,30.0969,30.0969,30.0969,30.0969,30.1343,30.1456,30.161,30.1618,30.2637,30.5019,30.5179,30.5179,30.5179,30.5302,30.5355,30.6802,31.6513,32.1737,32.2097,32.2296,32.4272,32.7904,34.0969,35.6562,38.518,38.518,39.0491,
29.9916,30.0723,30.0837,30.0969,30.0969,30.1396,30.1553,30.1699,30.201,30.2231,30.2403,30.2789,30.342,30.4241,30.4361,30.4478,30.5179,30.5179,30.5179,30.5179,30.5179,30.5179,30.5179,30.5179,30.5179,30.5183,30.5358,30.5593,30.614,30.6505,30.6802,30.7544,30.7978,31.1706,31.1776,31.246,31.289,31.4793,31.4986,32.0943,32.167,32.745,32.7623,33.0351,33.6681,34.0969,34.0969,37.114,37.8007,38.4362,
30.0969,30.0969,30.1016,30.1024,30.1329,30.3488,30.3683,30.4478,30.452,30.5179,30.5179,30.5179,30.5179,30.5179,30.5179,30.5179,30.5179,30.5179,30.5179,30.5179,30.5179,30.5179,30.5179,30.5205,30.5288,30.5381,30.5804,30.6022,30.6345,30.6758,30.8081,30.8201,30.9866,31.0251,31.0758,31.4969,31.4986,31.4986,31.4986,32.2877,32.333,32.6232,33.2511,33.325,34.0969,34.7285,34.7987,35.2736,37.353,37.7742,
30.0969,30.0969,30.0991,30.1129,30.1725,30.1941,30.2161,30.4952,30.5179,30.5179,30.5179,30.5179,30.5179,30.5179,30.5179,30.5179,30.5179,30.5179,30.5179,30.5179,30.5179,30.5179,30.5179,30.5184,30.5273,30.5396,30.7197,30.7969,30.879,31.0679,31.1344,31.2197,31.2197,31.2543,31.4401,31.4986,31.4986,31.5074,31.5116,31.628,31.8513,32.2418,32.6232,33.369,34.7285,34.7285,35.1914,35.5706,36.1595,36.7635,
30.5179,30.5179,30.5179,30.5179,30.5179,30.5179,30.5179,30.5179,30.5179,30.5179,30.5179,30.5179,30.5179,30.5179,30.5179,30.5179,30.6341,30.6393,30.7004,30.7749,30.8216,30.876,30.9845,31.0577,31.0644,31.2197,31.2197,31.3559,31.4695,31.503,31.5552,31.6937,32.1153,32.655,33.0033,33.0204,33.3392,33.3529,33.8168,34.7285,34.7285,34.7285,35.0987,35.5278,35.6426,35.7238,36.7635,37.0714,37.2774,43.1495,
30.5182,30.6057,30.6374,30.6846,30.7004,30.7732,30.8537,30.9242,30.9283,31.2184,31.2725,31.3564,31.3887,31.455,31.4635,32.3383,32.3456,32.4574,32.5673,32.6138,32.9977,33.0362,33.0471,33.0609,33.0999,33.1247,33.323,33.3757,33.6743,33.8224,33.8424,34.6721,34.7285,34.9062,34.9191,34.9771,34.9785,35.0109,35.1219,35.2594,35.4958,35.554,35.6907,36.1457,36.1671,36.223,36.567,37.4428,37.4969,43.1495,
33.0435,33.0503,33.1139,33.1612,33.162,33.2673,33.3316,33.359,33.3703,33.6258,33.79,33.993,33.9991,34.3739,34.6111,34.7285,34.7285,34.7285,34.7691,34.9065,34.9315,34.9545,34.9793,35.1342,35.1647,35.3952,35.3971,35.4071,35.456,35.5057,35.5373,35.5781,35.6362,35.6726,35.739,35.792,35.8748,36.003,36.0989,36.144,36.2142,36.598,36.8714,36.885,36.9536,37.2467,37.4316,37.4317,38.5177,42.9791,
34.4467,34.489,34.608,34.6322,34.7124,34.7285,34.7285,34.7285,34.7285,34.9313,34.9546,35.0045,35.0168,35.1235,35.1651,35.2688,35.2812,35.3078,35.4445,35.4516,35.4846,35.5421,35.6587,35.6694,35.739,35.8513,35.8513,35.8688,35.8748,35.9859,36.0436,36.0679,36.2165,36.2414,36.2956,36.3118,36.454,36.8158,37.0139,37.0415,37.1588,37.3886,38.5173,38.5428,38.8051,39.0651,39.2332,39.6392,40.1544,41.676,
34.7285,34.7285,34.7285,34.8377,34.8946,34.9113,34.967,34.9776,35.0594,35.0976,35.1231,35.1355,35.1545,35.3447,35.3877,35.4401,35.4479,35.4728,35.4826,35.489,35.5229,35.6559,35.6857,35.7584,35.8266,35.8581,35.8914,36.3842,36.4356,36.444,36.4764,36.496,36.5697,36.6086,36.7017,36.7192,36.9633,37.0139,37.2001,37.216,37.2428,37.2475,37.3886,37.4097,37.4333,37.5788,37.6299,38.7174,39.7643,39.9404,
34.981,35.0217,35.0224,35.1211,35.1354,35.199,35.2636,35.387,35.4543,35.4714,35.5477,35.564,35.6268,35.651,35.6585,35.6587,35.726,35.7754,35.8399,35.9042,36.0128,36.1472,36.1653,36.3176,36.3363,36.3776,36.3776,36.3891,36.4028,36.4147,36.4407,36.4914,36.4983,36.6985,36.8253,36.9212,37.0139,37.0976,37.1225,37.2039,37.376,37.5195,37.5355,37.5516,37.5574,37.9512,38.8122,40.1998,40.3104,40.4827,
35.4557,35.469,35.563,35.5915,35.6517,35.704,35.7281,35.7541,35.785,35.8679,35.9223,35.9285,35.9547,35.9927,36.0183,36.0222,36.048,36.1453,36.1643,36.1765,36.2382,36.2987,36.3605,36.4082,36.4407,36.4497,36.472,36.4876,36.5507,36.6232,36.624,36.6905,36.6985,36.7592,36.8389,36.8753,36.9212,36.9929,37.0092,37.2548,37.5355,37.9581,38.3687,38.894,38.939,39.1134,39.3296,39.6419,40.1056,40.5034,
35.2158,35.2628,35.276,35.3627,35.3912,35.4195,35.5355,35.5559,35.5881,35.601,35.6252,35.6386,35.7151,35.7419,35.7849,35.8285,35.9707,35.9836,36.0993,36.1477,36.2778,36.3333,36.3622,36.3912,36.4074,36.454,36.5193,36.6392,36.6583,36.798,36.9177,36.9881,37.0793,37.1683,37.1824,37.2251,37.3355,37.3386,37.3466,37.4504,37.7303,37.8454,38.06,38.2373,38.7977,38.908,39.1807,39.426,44.0051,44.896,
35.4364,35.5113,35.5618,35.6088,35.6332,35.6711,35.676,35.7285,35.7293,35.7849,35.8247,35.9401,36.1127,36.1129,36.1319,36.132,36.1746,36.2723,36.3265,36.3451,36.3475,36.3495,36.3588,36.4199,36.4591,36.5547,36.5881,36.6174,36.6373,36.6583,36.7085,36.7471,36.8104,36.8167,36.9359,36.9424,37.0374,37.0793,37.0979,37.3478,37.3592,37.464,37.5061,37.5092,38.3156,38.6124,38.8949,39.8656,40.0233,41.7037,
31.9814,32.5119,32.7086,32.803,32.9807,33.0067,33.2636,33.6453,34.0036,34.6302,34.8335,34.8609,34.9931,35.093,35.1969,35.2397,35.3413,35.3707,35.5196,35.6642,35.6875,35.9707,36.0363,36.1439,36.1577,36.1715,36.2027,36.265,36.5496,36.601,36.6218,36.6583,36.8008,36.802,36.8064,36.8764,36.9806,37.2348,37.7548,38.3654,38.4127,39.4214,39.6503,40.2117,40.2739,40.3762,40.8384,41.0606,41.4493,41.7855,
35.0857,35.106,35.2659,35.3337,35.338,35.3404,35.4183,35.4787,35.504,35.5886,35.6104,35.7221,35.7235,35.784,35.8488,35.8761,35.8886,35.9665,36.132,36.1588,36.3199,36.4485,36.4602,36.5193,36.5663,36.6246,36.6532,36.7107,36.7986,36.885,36.8991,37.065,37.164,37.5048,37.5399,37.6076,37.9899,38.178,38.2184,38.5628,39.2372,39.3513,39.5177,39.5313,40.4239,40.7438,41.7773,42.2793,43.1598,44.6608,
35.319,35.4358,35.4875,35.5368,35.5532,35.5826,35.6491,35.7393,35.7811,35.9968,36.0043,36.0174,36.0186,36.0473,36.132,36.1478,36.2021,36.2266,36.2494,36.3425,36.467,36.4742,36.4829,36.6526,36.6956,36.712,36.7986,36.8917,36.9197,36.9982,37.0032,37.1004,37.1747,37.2403,37.6057,37.6838,37.7109,38.003,38.2763,38.3923,38.5922,38.902,38.9266,39.2436,39.6583,40.4431,41.2503,41.6138,41.746,42.2429,
35.1561,35.1932,35.2299,35.2638,35.3539,35.4302,35.4552,35.4896,35.5307,35.6797,35.7024,35.8139,35.8175,35.847,35.8485,35.8936,35.9581,36.1647,36.2259,36.2409,36.2827,36.2994,36.3074,36.3491,36.361,36.6205,36.7087,36.7804,36.8077,36.8817,36.8947,36.9418,37.1979,37.2207,37.2459,37.4828,37.6601,37.7378,38.248,38.6368,38.8326,38.8758,38.939,39.1765,39.2159,39.5355,40.0531,40.9027,43.5004,48.0793,
33.5832,33.8135,34.6357,34.6672,34.8835,34.9071,34.95,35.0779,35.2962,35.3698,35.4372,35.5239,35.573,35.5774,35.6731,35.6788,35.6847,35.8443,35.9631,35.9764,36.0311,36.0816,36.0832,36.1336,36.2015,36.2842,36.3168,36.3364,36.3924,36.4092,36.4994,36.5358,36.5989,36.7883,36.8243,36.8926,36.8979,36.985,37.078,37.3131,37.5558,38.2373,38.2723,38.2929,38.639,39.0043,39.2162,39.3245,39.5555,41.7629,
34.4866,34.545,34.6463,34.7144,34.7329,34.8829,34.9618,35.0627,35.0748,35.2508,35.3298,35.3519,35.4671,35.8039,35.8689,35.879,35.9108,35.9473,36.013,36.0862,36.1063,36.1416,36.1619,36.3004,36.3684,36.4059,36.4152,36.4214,36.4248,36.4342,36.4538,36.555,36.5551,36.5997,36.6343,36.6561,36.7603,37.0828,37.1527,37.1934,37.298,37.6373,37.8751,37.9949,38.4354,38.4888,38.6383,38.6489,39.5338,39.8181,
34.9402,34.9646,34.969,35.1049,35.1054,35.2998,35.3027,35.3792,35.4222,35.4662,35.7101,35.8345,35.8602,35.8998,35.9029,35.9754,35.9943,36.0125,36.0138,36.0499,36.1845,36.2302,36.3004,36.3379,36.3642,36.3781,36.4008,36.4212,36.4682,36.5986,36.619,36.6528,36.7094,36.7425,36.7516,36.785,36.8007,37.052,37.167,37.184,37.2113,37.4116,38.0593,38.1285,38.1882,38.5629,38.7694,38.9948,39.1052,39.7175,
35.1395,35.1599,35.2278,35.2557,35.2646,35.3459,35.4461,35.5523,35.6473,35.6623,35.7144,35.8991,36.0261,36.0352,36.1322,36.1551,36.1616,36.1633,36.203,36.2044,36.2302,36.2463,36.3384,36.3755,36.3988,36.4094,36.4749,36.562,36.5674,36.5851,36.5952,36.6247,36.6619,36.7192,36.7561,36.8321,37.069,37.0898,37.1764,37.2381,37.3783,37.4547,37.7425,38.0308,38.0583,38.7883,38.9075,39.228,39.4793,40.213,
34.3315,34.4178,34.4321,34.528,34.5859,34.725,34.8134,34.8449,34.9108,34.9703,35.1192,35.1376,35.1492,35.1548,35.2643,35.266,35.3304,35.4716,35.538,35.5762,35.7185,35.7676,35.8796,35.9297,36.0187,36.1542,36.2506,36.2661,36.2857,36.2864,36.3118,36.3632,36.4567,36.4976,36.6127,36.6219,36.6936,36.7567,37.0215,37.0278,37.1638,37.1982,37.256,37.3653,37.6721,38.2372,38.2643,38.5179,38.8111,38.9287,
35.1346,35.1872,35.2164,35.2657,35.2706,35.3114,35.3444,35.3488,35.4069,35.4089,35.4766,35.4834,35.5356,35.6192,35.6351,35.7684,35.863,35.8784,35.8834,35.9597,36.0044,36.079,36.0898,36.091,36.1855,36.2006,36.2511,36.2585,36.3499,36.4336,36.4374,36.4541,36.501,36.5275,36.5297,36.803,36.803,36.8269,36.8952,36.9783,36.9977,37.1034,37.1689,37.3713,37.4213,38.2373,38.8111,39.1554,39.2196,42.5949,
35.2845,35.3368,35.4165,35.5238,35.5867,35.5932,35.6586,35.6724,35.71,35.724,35.9053,35.9493,35.975,35.9754,35.9766,36.006,36.1227,36.1422,36.1495,36.1551,36.1765,36.2126,36.2371,36.3256,36.3258,36.346,36.3681,36.4696,36.5435,36.5436,36.5629,36.5908,36.594,36.6304,36.7405,36.7627,36.8455,36.8663,36.9749,37.0816,37.1856,37.1963,37.3092,37.5938,37.7535,38.2936,38.5443,39.1548,39.4112,39.5964,
35.3467,35.4084,35.4783,35.5123,35.6168,35.7298,35.7332,35.7744,35.801,35.8521,35.8573,35.8923,35.9252,35.9295,35.9384,36.0814,36.1494,36.15,36.2071,36.2918,36.3131,36.3145,36.3404,36.3462,36.3994,36.4142,36.4626,36.4788,36.5187,36.5672,36.5908,36.6492,36.7521,36.7936,36.817,36.9667,37.0529,37.0542,37.1919,37.2633,37.687,37.7279,37.8023,38.2373,38.2386,38.2773,38.3867,38.9751,39.2088,41.3177,
35.9479,35.9516,35.9676,35.9865,35.9888,36.0868,36.0921,36.1023,36.1378,36.143,36.1573,36.1995,36.3538,36.3728,36.3729,36.3917,36.4025,36.4646,36.5135,36.5154,36.5645,36.5646,36.6088,36.6151,36.6649,36.6683,36.6686,36.6756,36.701,36.7523,36.903,36.9946,37.1083,37.2011,37.2345,37.6065,37.6234,37.6913,37.7635,37.7641,37.7995,37.8952,38.0053,38.3799,38.4232,38.7762,38.9267,39.9149,40.4019,41.3334,
35.7136,35.7279,35.7577,35.8779,35.9105,35.9875,36.0051,36.1119,36.2125,36.2246,36.2953,36.3287,36.3303,36.3611,36.3876,36.3877,36.4807,36.4832,36.4863,36.5135,36.5153,36.5204,36.5583,36.6207,36.6541,36.8636,36.9326,36.9468,37.0847,37.0862,37.2402,37.3967,37.4617,37.4898,37.5138,37.5793,37.6067,37.6922,37.6973,37.7531,37.8133,37.9046,37.9256,38.4232,38.7884,39.5131,39.7733,39.8752,41.3382,43.2531,
34.7873,34.7897,34.939,34.955,35.2643,35.3919,35.4375,35.4622,35.7799,35.7858,35.8267,35.8372,35.8607,35.8746,35.8971,35.9029,35.9903,36.1133,36.1231,36.309,36.3287,36.3425,36.3849,36.4324,36.4529,36.472,36.4995,36.5033,36.5388,36.5536,36.5801,36.6134,36.6164,36.6269,36.6379,36.7497,36.8531,37.0847,37.8143,37.9205,37.935,37.975,38.0773,38.2723,38.3864,39.6765,40.8291,40.9725,41.2847,41.4261,
35.7008,35.711,35.726,35.8445,35.9379,35.9772,35.9989,36.0493,36.1231,36.218,36.3342,36.3578,36.3682,36.3788,36.3904,36.4371,36.4671,36.4678,36.493,36.5037,36.5038,36.5174,36.5254,36.5573,36.5881,36.6397,36.711,36.7231,36.8015,36.8143,36.8664,37.0707,37.0818,37.0925,37.1743,37.1856,37.8554,37.8686,37.8807,38.1916,38.2009,38.5557,38.7075,38.7829,39.385,40.0352,40.7692,41.1733,41.7228,42.3472,
34.0402,34.0612,34.0873,34.292,34.2921,34.3776,34.4253,34.6267,34.6639,35.0038,35.063,35.381,35.3908,35.6731,35.6829,35.6868,35.8275,35.8663,35.9448,35.9598,36.0937,36.228,36.2974,36.3786,36.3938,36.4203,36.4587,36.4832,36.5042,36.5226,36.5368,36.6003,36.6069,36.673,36.7323,36.9135,36.9713,37.0976,37.2197,37.4653,37.5494,37.7076,37.7441,37.8074,37.9368,38.0202,41.7566,41.8334,42.3135,43.699,
34.0373,34.0707,34.2218,34.28,34.2846,34.3647,34.3659,34.4382,34.7382,35.0561,35.1788,35.5671,35.6758,35.8,35.8868,35.9401,35.9465,35.9768,35.9851,36.0702,36.1314,36.2212,36.3376,36.3725,36.3747,36.3904,36.3943,36.4091,36.4345,36.488,36.552,36.5642,36.5968,36.6914,36.7323,36.7743,36.7942,36.8822,36.9135,37.0419,37.1639,37.5355,37.5355,37.7221,38.0203,38.3216,38.5187,39.2144,39.8596,41.684,
34.0764,34.3149,34.381,34.901,34.9917,35.0942,35.3126,35.4393,35.5102,35.5994,35.6531,35.6729,35.7136,35.7238,35.7922,35.8398,35.887,35.8953,35.9105,35.9307,35.9881,36.1466,36.3787,36.6467,36.6676,36.6914,36.7597,36.7699,36.8072,36.8868,36.9135,36.9135,36.9668,36.9801,37.0926,37.1843,37.2753,37.2819,37.614,37.6335,37.8229,37.937,37.9863,38.0856,38.2373,38.4021,38.4119,38.8313,40.6405,41.0143,
35.5884,35.5945,35.7832,35.8258,35.8542,35.9788,36.0042,36.0751,36.1436,36.2094,36.21,36.2101,36.4361,36.5429,36.5684,36.5879,36.5998,36.6068,36.6968,36.7003,36.7162,36.7267,36.745,36.7612,36.7916,36.9869,37.0299,37.0892,37.1442,37.3918,37.4432,37.4683,37.6914,37.7396,37.8107,37.8234,37.8239,38.2373,38.2373,38.2373,38.2723,38.4154,38.5791,38.8751,38.9822,39.4411,40.6988,41.9449,43.8264,44.2585,
36.0014,36.0497,36.1971,36.2166,36.2194,36.2435,36.3462,36.3521,36.3859,36.4087,36.4699,36.4719,36.5008,36.5256,36.5438,36.5741,36.6089,36.6173,36.6598,36.6635,37.0178,37.0299,37.1021,37.2412,37.3679,37.4,37.4062,37.492,37.5103,37.5204,37.6093,37.7241,37.7559,37.8198,38.2373,38.2373,38.2373,38.271,38.4915,38.6074,38.6567,38.8947,38.9354,39.3219,39.5851,40.7586,40.8226,42.1493,42.7248,44.1743,
34.2138,34.301,34.4333,34.7545,34.9721,35.5473,35.6757,35.9109,35.9849,36.1724,36.1993,36.2096,36.217,36.3157,36.4173,36.4365,36.4722,36.4831,36.515,36.6485,36.6725,36.8151,36.8204,36.9986,37.0397,37.0633,37.083,37.1095,37.1416,37.1665,37.1729,37.3056,37.3077,37.3732,37.8943,37.9836,38.2373,38.2373,38.4109,38.5029,38.739,38.8629,38.9384,39.0747,40.0643,40.5613,40.7704,40.7922,40.8441,42.4779,
34.9782,35.0359,35.4626,35.4937,35.71,35.7811,35.9006,36.132,36.2167,36.2996,36.327,36.3766,36.4668,36.4841,36.5019,36.5578,36.589,36.6978,36.7023,36.7635,36.8095,36.8162,36.9373,36.9752,37.0479,37.1838,37.1897,37.2144,37.258,37.2637,37.3077,37.3077,37.3524,37.374,37.3878,37.4885,37.4926,37.5355,37.5698,37.7782,37.9985,38.2061,38.8009,38.9168,39.0747,40.6724,41.7985,42.2812,42.471,42.7853,
35.5374,35.5693,35.8676,35.9001,36.0106,36.0487,36.0805,36.129,36.1484,36.1623,36.2687,36.3366,36.3788,36.3986,36.4004,36.5008,36.6481,36.6601,36.6805,36.7631,36.7655,36.7784,36.8162,36.8162,36.9703,37.0067,37.1218,37.1375,37.1709,37.1894,37.2346,37.3538,37.4057,37.5182,37.5712,37.7345,37.804,37.8513,37.8972,38.0544,38.1939,38.2373,39.3404,40.2568,40.3425,40.8352,41.2065,41.7963,42.092,42.4478,
33.3285,33.3307,34.3437,34.3676,35.0224,35.0243,35.0661,35.3179,35.3677,35.4595,35.8226,35.8315,36.0072,36.0162,36.0438,36.0484,36.1659,36.1818,36.2158,36.2304,36.2369,36.3475,36.4951,36.5607,36.5867,36.6731,36.8535,36.8736,37.0267,37.0834,37.2022,37.2022,37.2453,37.2695,37.3397,37.3538,37.363,37.3847,37.4653,37.4885,37.5898,37.6546,37.8661,37.9732,38.1267,38.1684,38.2373,40.3401,41.3656,43.1251,
32.148,32.2553,32.4331,32.7086,33.2032,33.2073,33.2548,33.8202,34.1016,34.2991,34.6934,35.0421,35.2992,35.3162,35.3997,35.7589,35.9202,35.9273,35.9548,36.0326,36.0524,36.0969,36.1105,36.1295,36.2432,36.3585,36.3831,36.4636,36.5722,36.6652,36.7165,36.7856,36.8487,36.8597,37.0233,37.0857,37.0954,37.151,37.3113,37.3597,37.5355,37.5736,37.6234,37.746,37.8143,38.0665,38.1179,38.217,38.2373,39.1412,
33.3955,33.648,33.7541,33.8174,33.913,33.9946,34.0406,34.1038,34.3741,35.1989,35.3923,35.4788,35.5232,35.6733,35.7551,35.9824,35.9916,36.0103,36.0482,36.0879,36.132,36.3439,36.3447,36.3945,36.5004,36.5888,36.7062,36.8175,36.8492,37.0102,37.1263,37.1567,37.1574,37.1586,37.2993,37.4251,37.4543,37.488,37.5256,37.6234,37.6368,37.7546,37.8162,37.9771,38.0686,38.2373,38.2373,38.9444,41.5072,41.5237,
33.261,33.3749,33.4187,33.5527,33.6965,33.9249,34.0086,34.1016,34.152,34.1746,34.2952,34.4443,34.7772,34.9387,35.0115,35.3682,35.5044,35.5669,35.5736,35.7348,35.8916,35.9443,36.1167,36.1303,36.1561,36.2137,36.2706,36.2822,36.6219,36.6717,36.7578,36.8337,36.9373,37.0065,37.0777,37.2729,37.3648,37.4398,37.5867,37.6299,37.7887,37.8785,37.882,38.1531,38.1789,38.2372,38.2373,38.939,39.9374,40.6683,
32.7272,32.8741,33.1971,33.3406,33.4557,33.5156,33.6082,33.6337,33.6523,34.1625,34.1972,34.255,34.3037,34.3443,34.5532,34.9659,35.0141,35.0348,35.158,35.3521,35.4191,35.6387,35.7597,35.8129,35.9754,36.1169,36.1176,36.1262,36.1262,36.1876,36.4698,36.5755,36.7306,36.7804,36.8132,36.8487,36.912,37.0184,37.1999,37.251,37.2813,37.3525,37.4248,37.6056,37.6228,37.6293,37.6533,37.6853,37.8161,37.9087,
32.7612,32.8765,32.9574,32.9627,33.1565,33.6398,33.9608,34.1164,34.1187,34.1619,34.2275,34.2652,34.2782,34.3707,34.7173,34.8052,34.988,35.0709,35.0874,35.158,35.2924,35.3348,35.6908,35.9524,35.955,36.074,36.0929,36.1082,36.1258,36.1275,36.1671,36.4481,36.4861,36.4976,36.5043,36.5541,36.7425,36.7532,36.8461,36.8961,36.9352,37.2813,37.3385,37.3664,37.4069,37.4694,37.4886,37.5454,37.6678,37.8554,
33.5105,33.5141,33.634,33.7603,33.9029,33.9314,34.6847,34.924,35.1332,35.1747,35.427,35.4302,35.4752,35.5315,35.6115,35.6627,35.7517,35.8011,36.0196,36.0267,36.0771,36.1657,36.1818,36.2135,36.2542,36.3582,36.469,36.5781,36.6773,36.7286,36.7286,36.7683,36.8519,36.9429,37.0041,37.0571,37.0665,37.3159,37.5756,37.6284,37.6816,37.7673,37.8885,38.1626,38.2225,38.2463,38.5664,38.7281,38.7709,45.9433,
33.5899,33.7914,33.9332,34.0869,34.1751,34.2674,34.5102,34.6332,34.6412,34.8425,34.892,34.8938,35.0536,35.1794,35.6438,35.7056,35.9109,35.9225,36.006,36.0267,36.0684,36.0924,36.136,36.2327,36.2455,36.293,36.3265,36.3269,36.4344,36.4875,36.5422,36.551,36.5781,36.617,36.6496,36.8337,36.9528,36.9771,37.2285,37.3001,37.4507,37.809,37.9111,37.9221,38.0223,38.5664,38.5827,38.8636,38.8776,41.355,
31.8664,32.091,32.8586,33.129,33.4493,33.4671,33.5395,33.5699,33.5837,33.6454,33.9926,34.2438,34.2554,34.8257,35.1089,35.1152,35.1618,35.3278,35.3478,35.4998,35.7932,35.9544,36.1495,36.2546,36.2727,36.2765,36.361,36.3874,36.4124,36.5216,36.5858,36.6496,36.739,36.7536,36.9008,37.3296,37.4,37.5101,37.5355,37.6429,37.7776,38.0648,38.2408,38.298,38.3844,38.4768,38.6367,38.7085,38.8574,41.6252,
32.8788,33.5732,33.582,33.6303,33.8177,33.8266,34.0943,34.1072,34.1206,34.2217,34.2331,34.3028,34.3582,34.7285,34.8511,34.8911,35.4239,35.5826,35.6905,35.6984,35.77,35.8444,35.9567,35.9688,35.989,36.1459,36.2123,36.2958,36.3813,36.4741,36.4833,36.5219,36.5588,36.5598,36.5691,36.572,36.6956,36.739,36.971,36.9737,37.0445,37.2505,37.48,37.6013,37.8548,37.9382,38.7489,38.7671,40.2998,41.0755,
34.1911,34.2968,34.3637,34.6734,34.6963,34.8511,34.8818,34.9012,34.9486,35.0986,35.1064,35.1889,35.5141,35.7376,35.771,35.8187,35.9684,35.989,36.0823,36.0941,36.1845,36.2205,36.2864,36.3011,36.3021,36.3165,36.3838,36.4183,36.4298,36.4633,36.5164,36.5763,36.6338,36.6645,36.8039,36.9533,37.0971,37.1591,37.7852,37.7934,38.0381,38.133,38.4499,38.4544,38.4603,38.6938,38.7208,39.6241,40.1691,40.2997,
33.7571,33.8196,33.9981,34.0761,34.2955,34.3565,34.5619,34.7484,34.8234,34.9046,34.9486,34.9619,35.1329,35.1435,35.1606,35.2302,35.2455,35.2761,35.5496,35.6477,35.6771,35.8853,35.9916,36.0838,36.1151,36.1249,36.1674,36.1888,36.2151,36.3715,36.3826,36.4216,36.4817,36.5216,36.7429,36.7899,36.8039,36.8315,37.1748,37.3235,37.3663,37.4729,37.4791,37.5744,37.8513,37.8713,37.9491,38.4173,38.7452,40.1566,
34.8302,34.9027,34.9103,34.9505,35.1011,35.1919,35.2983,35.3178,35.3327,35.4013,35.468,35.5598,35.746,35.7468,35.7713,35.7896,35.8394,35.896,35.9314,35.9916,36.0063,36.0183,36.0248,36.1334,36.1486,36.157,36.1674,36.1854,36.2024,36.314,36.388,36.4284,36.4772,36.4773,37.0164,37.0565,37.2245,37.2899,37.4419,37.9122,37.915,38.0871,38.1537,38.4102,38.4118,38.6993,38.7265,40.4013,40.9034,40.9494,
34.9225,34.9277,34.9284,34.9465,35.0693,35.1011,35.1077,35.1458,35.162,35.5895,35.6509,35.6906,35.8224,35.9743,35.9823,35.9921,36.0058,36.0267,36.0439,36.0456,36.077,36.1334,36.1802,36.1875,36.3451,36.3466,36.388,36.441,36.4884,36.8092,36.8479,36.955,37.0915,37.1328,37.1828,37.5473,37.6142,37.6448,37.84,38.0244,38.0618,38.1816,38.3127,38.3389,38.5265,38.8441,39.0271,39.3403,39.6784,43.0826,
35.0141,35.1245,35.2756,35.3019,35.3222,35.3962,35.5799,35.6393,35.8966,35.9346,35.9517,36.045,36.0604,36.1095,36.1377,36.2145,36.2611,36.3308,36.4074,36.4226,36.4419,36.4796,36.4947,36.4972,36.6253,36.6377,36.68,36.7365,36.7635,36.7986,36.9479,36.9555,37.1024,37.1592,37.2531,37.3678,37.4082,37.4876,37.7729,37.8271,37.8921,37.9679,37.9933,38.0466,38.0618,38.1399,38.406,38.423,39.2599,45.1799,
34.285,34.4577,34.5945,34.7556,34.9312,34.9351,34.9776,35.0113,35.0421,35.0758,35.1758,35.19,35.2197,35.3441,35.36,35.3639,35.5254,35.5976,35.7371,35.8811,35.9099,35.9902,36.1233,36.1265,36.1544,36.2239,36.3323,36.4708,36.5109,36.6583,36.6956,36.7506,36.7669,36.8186,37.0201,37.0648,37.2202,37.231,37.2718,37.3079,37.3097,37.3872,37.3891,37.4264,37.992,38.0232,38.0328,38.844,39.6761,43.8404,
33.5475,33.8163,33.9463,34.1736,34.2434,34.2825,34.46,34.6838,34.8782,35.1192,35.239,35.349,35.3935,35.4194,35.4368,35.4475,35.45,35.5551,35.7403,35.7698,35.8496,35.8503,35.8835,35.9244,35.9565,35.9615,36.1014,36.1067,36.1218,36.1426,36.2944,36.3253,36.3562,36.449,36.5274,36.6583,36.7248,36.7393,36.9274,36.9547,37.1049,37.4406,38.0797,38.2373,38.2606,38.3126,38.8781,39.1748,39.3411,44.9559,
35.1444,35.2099,35.2353,35.2495,35.2511,35.2557,35.3129,35.4312,35.4872,35.5006,35.522,35.5741,35.5989,35.6424,35.73,35.7793,35.8562,35.8765,35.9117,35.956,35.9565,36.0097,36.1702,36.2123,36.2372,36.3291,36.4678,36.4745,36.4748,36.5232,36.5781,36.683,36.6946,36.8457,37.1049,37.2285,37.2513,37.446,37.657,37.7065,37.758,37.9334,38.0289,38.2924,38.4626,38.8425,38.9798,41.2339,44.7791,45.9225,
34.7587,34.8076,35.0055,35.1335,35.1772,35.1852,35.4019,35.5095,35.5591,35.7006,35.7471,35.7963,35.8598,35.8742,35.9029,35.9928,36.0578,36.1498,36.2038,36.2393,36.2456,36.3735,36.3828,36.3858,36.4273,36.5,36.5339,36.7717,36.9554,37.0847,37.0878,37.203,37.2106,37.2661,37.2765,37.2899,37.4571,37.587,37.641,37.758,37.9336,38.435,38.4608,38.8444,38.8478,40.3402,40.3425,41.8661,42.0641,44.6174,
34.4649,34.5071,34.5321,34.6457,34.7376,34.78,34.7978,34.8784,35.0757,35.208,35.2286,35.3676,35.4114,35.5296,35.5571,35.6746,35.6894,35.7013,35.7024,35.7914,35.9682,35.9797,35.9797,36.1357,36.1566,36.242,36.2565,36.2796,36.4781,36.4937,36.5303,36.6828,36.7061,36.8197,36.8572,36.8767,36.9062,37.1597,37.1907,37.2421,37.3002,37.471,37.9509,37.9611,38.284,38.2991,38.4333,39.3913,39.6457,40.32,
35.1529,35.2571,35.2877,35.2896,35.4151,35.4451,35.5185,35.5205,35.5547,35.641,35.7182,35.7239,35.7775,35.8106,35.8614,35.8738,35.8741,35.9024,35.9173,35.9347,35.9565,36.0081,36.0271,36.1098,36.1614,36.1653,36.2267,36.2483,36.2495,36.2514,36.2613,36.2802,36.3407,36.3625,36.4496,36.5148,36.6149,36.6657,36.824,36.9111,36.9643,37.0616,37.1349,37.3609,37.4198,37.618,37.6854,37.7888,39.1365,40.1539,
35.9495,35.9575,36.0124,36.0129,36.0387,36.0776,36.1104,36.1142,36.1554,36.1803,36.2022,36.2059,36.2228,36.2304,36.2421,36.2441,36.253,36.2722,36.279,36.3378,36.3597,36.4142,36.4483,36.4764,36.4944,36.6258,36.627,36.6392,36.6562,36.6614,36.6699,36.7098,36.8197,36.9128,37.0148,37.2205,37.3742,37.3912,37.3951,37.5721,37.6214,37.6407,37.6466,37.6805,37.6826,37.7406,37.9496,38.1765,38.2373,38.939,
36.153,36.1769,36.2139,36.2335,36.2361,36.2614,36.2769,36.3291,36.3336,36.3549,36.3929,36.4112,36.4573,36.4777,36.4851,36.4953,36.5097,36.5639,36.5933,36.5964,36.6713,36.6748,36.7277,36.7475,36.7641,36.872,36.9952,37.0488,37.0523,37.1949,37.2283,37.2794,37.2935,37.4724,37.5355,37.5355,37.7022,37.746,37.8491,37.9127,37.9134,37.9631,38.0924,38.1032,38.1075,38.1769,38.2795,39.5458,40.0091,43.893,
35.8024,35.9018,35.9769,36.0017,36.023,36.0287,36.0709,36.0913,36.1285,36.1419,36.1445,36.1659,36.2479,36.252,36.2699,36.2906,36.3003,36.3667,36.4182,36.4221,36.4285,36.4861,36.4934,36.5429,36.6354,36.6387,36.6544,36.7111,36.7418,36.7868,36.8176,36.8822,37.2245,37.2766,37.2893,37.3505,37.3999,37.4653,37.5085,37.7111,37.8236,37.8513,37.9121,38.2373,38.2569,38.2611,38.5326,38.6214,38.8027,43.9742,
35.8348,35.8439,35.9044,35.9551,36.0188,36.0397,36.0951,36.1279,36.1659,36.2185,36.2602,36.2708,36.3605,36.391,36.4274,36.4276,36.4425,36.4569,36.5312,36.6339,36.6575,36.7258,36.8534,36.8973,36.9946,37.0259,37.0996,37.1391,37.1428,37.1501,37.1595,37.1862,37.2708,37.278,37.3999,37.4296,37.4773,37.6006,37.7439,37.9352,37.9826,38.051,38.2873,38.3439,38.4125,38.48,38.5126,38.518,40.1716,43.4351,
35.8782,35.8903,35.9089,35.9303,35.9565,35.9671,35.9993,36.0657,36.0943,36.1266,36.1659,36.1847,36.3268,36.3288,36.3718,36.3828,36.4014,36.4793,36.4941,36.6174,36.6209,36.6348,36.6554,36.7437,36.809,36.8296,36.9043,36.9741,37.0576,37.1536,37.3363,37.3792,37.6068,37.7109,37.8469,38.0264,38.0288,38.0491,38.06,38.1513,38.171,38.2701,38.3937,38.4283,38.5385,38.6337,38.7667,42.3503,43.4709,44.5251,
35.6873,35.765,35.9389,35.9551,35.96,36.0262,36.0771,36.2232,36.2758,36.2856,36.336,36.3525,36.3619,36.3856,36.5638,36.5957,36.6952,36.7291,36.899,36.9047,36.9074,36.935,36.9863,37.0313,37.1912,37.2132,37.2195,37.2377,37.3551,37.4685,37.6572,37.697,37.8162,37.8528,37.8566,37.9335,38.0201,38.0356,38.1936,38.2193,38.2373,38.4076,38.4371,38.4956,38.521,38.6478,38.744,38.939,41.3112,42.207,
33.9039,34.1369,34.1455,34.1929,34.4223,34.7708,35.114,35.4067,35.4176,35.4278,35.5077,35.5727,35.583,35.6808,35.9754,35.9825,36.0202,36.1228,36.2056,36.4119,36.4149,36.4282,36.4295,36.4523,36.4887,36.5272,36.5607,36.6232,36.8021,36.8117,36.8621,37.0886,37.1596,37.2197,37.229,37.2617,37.4285,37.6572,37.8162,37.8566,38.0398,38.1055,38.134,38.1494,38.151,38.5325,38.7343,43.0588,43.7618,44.1812,
34.8512,35.0937,35.1983,35.3865,35.534,35.5818,35.6553,35.6554,35.7355,35.836,35.8623,35.9344,35.9445,35.9531,35.9562,35.9601,35.9623,36.0597,36.0635,36.0975,36.1652,36.2056,36.2269,36.4225,36.5713,36.6333,36.6367,36.6373,36.705,36.7249,36.7648,36.7673,36.8487,36.936,36.943,37.044,37.1495,37.1641,37.2818,37.2899,37.3988,37.4102,37.4494,37.8037,37.9517,37.9622,38.1576,38.2373,38.2373,38.31,
35.0843,35.1374,35.1796,35.3599,35.3639,35.507,35.6171,35.619,35.6919,35.7668,35.9009,35.9546,35.9814,36.0245,36.0435,36.0458,36.0758,36.0764,36.0805,36.1009,36.1231,36.2194,36.3341,36.5525,36.612,36.7306,36.7666,36.7987,36.8215,36.8358,36.8422,36.8997,36.9746,37.0174,37.1963,37.2024,37.2048,37.2437,37.2791,37.3863,37.8513,37.8513,37.8513,37.8519,38.2373,38.2373,38.287,38.6148,38.7019,39.0598,
34.8526,34.8723,35.0688,35.1112,35.1389,35.2233,35.2784,35.3625,35.5453,35.5614,35.6435,35.7073,35.7302,35.761,35.8307,35.8528,35.9557,35.9939,36.0313,36.0592,36.0602,36.0678,36.186,36.288,36.3412,36.431,36.4434,36.5022,36.5725,36.5817,36.66,36.7149,36.7947,36.8266,36.9123,37.0965,37.115,37.1559,37.2213,37.2842,37.5355,37.5771,37.8403,37.8627,38.047,38.0969,38.7755,38.939,39.7248,48.3776,
35.1056,35.1389,35.3763,35.3957,35.4273,35.4535,35.49,35.4931,35.5957,35.6122,35.6137,35.6428,35.7087,35.7193,35.7482,35.7757,35.8122,35.856,35.9136,35.9557,36.0852,36.1626,36.1761,36.1785,36.2883,36.3209,36.3672,36.3781,36.3869,36.3997,36.4577,36.5725,36.5922,36.6375,36.671,36.7829,36.8864,36.9196,37.0097,37.0282,37.2233,37.2684,37.6215,37.7896,37.8743,37.9602,38.2372,38.2373,38.487,38.939,
34.4269,34.5223,34.5326,34.7826,35.1947,35.2786,35.3058,35.4163,35.4639,35.4659,35.4811,35.582,35.5916,35.6313,35.715,35.7447,35.7796,35.8897,35.8994,35.9737,36.0019,36.0325,36.1386,36.2107,36.2378,36.2403,36.2675,36.3551,36.42,36.4556,36.5825,36.6521,36.6565,36.7088,36.8893,36.9397,36.963,36.9721,36.9999,37.0331,37.0871,37.1494,37.2285,37.3249,37.371,37.4551,39.2777,39.7241,40.2401,41.8578,
35.4157,35.5414,35.5697,35.5702,35.6245,35.6423,35.6923,35.7212,35.7428,35.7548,35.8018,35.8094,35.8341,35.9102,35.9148,35.9638,36.0346,36.0934,36.108,36.1363,36.1582,36.2173,36.2371,36.3652,36.3802,36.3985,36.4436,36.4584,36.4701,36.4891,36.5179,36.5427,36.5773,36.6569,36.6808,36.7314,36.834,37.0435,37.1148,37.2295,37.2523,37.2552,37.2938,37.3626,37.365,37.3975,38.2515,38.4304,39.2149,42.5451,
35.6455,35.6742,35.712,35.7226,35.7325,35.757,35.8021,35.8137,35.8564,35.9304,35.9412,35.9432,35.9851,35.9966,36.0336,36.0787,36.0943,36.1099,36.1703,36.211,36.235,36.2361,36.2482,36.3084,36.3124,36.3811,36.3836,36.407,36.4074,36.5255,36.5881,36.5906,36.642,36.7211,36.8355,36.8688,36.8858,36.9256,37.0066,37.018,37.1232,37.1599,37.1618,37.3653,37.4827,37.5355,37.9062,38.2515,38.5505,40.6786,
35.3429,35.4064,35.4526,35.4576,35.4611,35.5058,35.5234,35.6285,35.6741,35.7238,35.7264,35.731,35.7366,35.813,35.8343,35.8537,35.9415,35.9487,35.9526,35.9839,36.0111,36.0233,36.0534,36.1523,36.2082,36.238,36.2608,36.3238,36.4074,36.429,36.4292,36.6066,36.6519,36.6568,36.6937,36.725,36.775,36.8154,36.9073,36.9121,37.1116,37.123,37.1495,37.2484,37.3179,37.364,37.4911,37.9175,38.4711,38.5625,
35.7352,35.8382,35.9397,35.9476,36.0092,36.0268,36.0317,36.1283,36.1864,36.229,36.2431,36.2696,36.2832,36.2981,36.3039,36.3234,36.3447,36.3691,36.5069,36.518,36.5304,36.6214,36.6291,36.6705,36.7015,36.7176,36.8156,36.8337,36.8424,36.9647,36.9842,37.0179,37.1007,37.1627,37.1777,37.2265,37.307,37.3172,37.3581,37.4135,37.5453,37.6395,37.6833,37.7092,37.8513,38.0142,38.1349,38.2373,39.2222,42.4649,
35.182,35.2385,35.2581,35.3637,35.4685,35.5355,35.546,35.8749,35.8894,35.8943,35.9229,35.9618,35.9868,35.994,35.9964,36.0424,36.0679,36.0982,36.1434,36.1665,36.1822,36.2233,36.2763,36.2906,36.2993,36.3707,36.4159,36.4295,36.5016,36.5227,36.5368,36.5546,36.5906,36.6135,36.6465,36.7013,36.834,36.9797,37.0188,37.0635,37.1476,37.2468,37.3784,37.4447,37.4912,37.5041,37.7061,37.9926,39.3118,39.6437,
35.7363,35.7433,35.8452,35.8454,35.8609,35.8948,35.8953,35.9079,35.9112,35.941,35.9623,35.9961,36.0116,36.0291,36.035,36.0406,36.0461,36.1485,36.1752,36.3028,36.3126,36.355,36.398,36.4033,36.4109,36.4402,36.46,36.4835,36.5061,36.5643,36.5749,36.6436,36.6546,36.6588,36.659,36.7398,36.8906,36.9171,37.0258,37.1584,37.2378,37.4108,37.4912,37.5203,37.5633,37.7343,38.1193,38.1532,38.1649,38.3469,
36.0023,36.0212,36.0241,36.0884,36.1171,36.1446,36.1648,36.1807,36.1954,36.2381,36.2877,36.2937,36.294,36.3242,36.3651,36.3847,36.4492,36.5062,36.5318,36.5826,36.6409,36.6594,36.6631,36.6724,36.6733,36.6994,36.7058,36.7226,36.7459,36.799,36.8314,36.8383,36.8755,36.9112,37.0742,37.1138,37.1689,37.3165,37.3198,37.5618,37.608,37.8734,38.2021,38.34,38.4123,38.4956,38.7053,38.8501,41.746,45.365,
35.9642,36.0302,36.031,36.0639,36.0737,36.1192,36.1349,36.2365,36.248,36.3203,36.3425,36.3766,36.3949,36.413,36.4295,36.5303,36.5782,36.5816,36.6448,36.6794,36.687,36.7973,36.8207,36.8379,36.8445,36.8754,36.8772,36.9091,37.012,37.0131,37.0526,37.1244,37.1698,37.1707,37.2395,37.3054,37.4289,37.4409,37.5625,37.5999,37.644,37.7078,38.095,38.2376,38.518,38.5668,39.5658,39.9201,40.0909,44.0205,
36.0885,36.1219,36.1386,36.2047,36.2513,36.2613,36.2834,36.3028,36.33,36.3633,36.3862,36.4272,36.4299,36.439,36.4443,36.4586,36.4588,36.4713,36.5406,36.7504,36.7602,36.8155,36.8337,36.9112,36.9826,37.0029,37.1772,37.2556,37.3093,37.3153,37.4678,37.5935,37.5942,37.7718,37.837,37.8381,37.8959,38.3114,38.3511,38.4003,38.518,38.6844,38.7124,38.7401,39.4115,39.484,39.6831,39.9055,40.3213,42.4417,
36.0416,36.0787,36.2423,36.2513,36.2912,36.3197,36.3513,36.363,36.4063,36.4105,36.4712,36.4805,36.4977,36.5112,36.5136,36.5476,36.5683,36.64,36.6945,36.7452,36.7573,36.8641,36.9095,36.9572,36.9661,36.9872,36.9927,36.9969,37.0584,37.086,37.2168,37.2945,37.3079,37.3237,37.3378,37.5126,37.5656,37.6517,37.7717,37.8618,38.3724,38.429,38.4934,38.518,38.6059,38.7306,39.3755,39.3962,39.7375,41.0056,
36.0772,36.1114,36.2031,36.2155,36.2541,36.3124,36.3443,36.3923,36.4547,36.456,36.4759,36.5741,36.5793,36.5863,36.6626,36.7057,36.7158,36.772,36.7925,36.804,36.8698,36.8723,36.8733,36.8739,36.9274,36.9595,37.0584,37.0669,37.0705,37.1228,37.2591,37.2633,37.2746,37.2779,37.2904,37.3759,37.4333,37.8381,37.983,37.9889,38.1211,38.1456,38.3957,38.4382,38.5062,38.6405,39.1501,39.263,39.6758,44.1884,
34.6421,35.0623,35.1019,35.2883,35.4887,35.5738,35.8758,35.937,35.968,35.9685,36.0263,36.0468,36.2031,36.2355,36.2859,36.3583,36.372,36.3763,36.4101,36.4391,36.4499,36.5186,36.5665,36.582,36.5913,36.6037,36.606,36.6454,36.6473,36.8046,36.8149,36.8606,36.912,37.0323,37.0376,37.2746,37.3207,37.3584,37.4125,37.4408,37.449,37.56,37.6057,38.2373,38.6609,38.7815,38.938,39.139,39.3918,39.925,
35.6455,35.7742,35.8649,35.9854,36.0409,36.0849,36.1337,36.1373,36.2225,36.2236,36.2439,36.261,36.2797,36.2825,36.3203,36.3209,36.3341,36.3356,36.3405,36.4129,36.4162,36.5456,36.5706,36.6249,36.6268,36.6628,36.6757,36.6762,36.6972,36.7108,36.7651,36.7664,36.8368,36.8484,36.8615,36.9108,36.994,37.2575,37.3001,37.5543,38.0142,38.1788,38.6473,38.8109,38.8706,38.938,38.9732,38.9899,40.0785,40.3425,
35.4625,35.6056,35.7452,35.7708,35.8711,35.9518,36.0968,36.1063,36.1225,36.1353,36.1586,36.1811,36.2129,36.2501,36.2592,36.2672,36.2723,36.2898,36.3074,36.3088,36.3123,36.3758,36.4325,36.5178,36.5595,36.571,36.6073,36.6571,36.6632,36.6674,36.684,36.6924,36.7051,36.7082,36.7601,36.7977,36.8498,36.9118,37.0279,37.3327,37.4841,37.5355,37.6023,38.0044,38.4912,38.7481,38.9813,39.4857,42.7694,43.4542,
33.659,33.8017,33.8509,34.5413,34.6498,34.84,34.8688,34.9621,35.4479,35.678,35.6899,35.7221,35.7543,35.9311,35.9993,36.026,36.0444,36.0589,36.1671,36.2267,36.2496,36.2668,36.2723,36.2944,36.2963,36.3113,36.3178,36.4601,36.4676,36.4961,36.5179,36.529,36.5642,36.5738,36.5829,36.668,36.7158,36.7258,36.8405,36.8488,36.8779,37.2297,37.4691,37.5355,38.0193,38.2373,39.6952,40.2347,40.3341,42.1265,
33.5457,33.6575,33.7775,33.8857,34.1289,34.1553,34.3118,34.4567,34.5084,35.0046,35.1842,35.338,35.4991,35.5504,35.6061,35.6249,35.635,35.6534,35.6561,35.8221,35.8477,35.9102,36.1811,36.1905,36.2366,36.2723,36.3168,36.321,36.3389,36.3396,36.3476,36.3869,36.3873,36.4339,36.4907,36.4973,36.656,36.6902,36.7277,36.8102,36.8289,36.9204,37.1313,37.237,37.446,37.6486,37.7278,38.3969,38.7674,39.1066,
32.6692,32.9399,33.0279,33.1518,33.1661,33.3233,33.6474,33.6482,33.6789,33.7169,33.8688,34.241,34.3203,34.3321,34.3461,34.9767,35.092,35.1531,35.2044,35.3886,35.6877,35.7512,35.8221,35.8432,35.8493,36.0452,36.3035,36.347,36.4011,36.4321,36.4349,36.4363,36.4477,36.4849,36.5172,36.6707,36.6888,36.7255,36.7821,36.9741,37.3352,37.4265,37.7094,37.7274,37.9831,38.132,38.1601,38.4927,38.7687,38.7843,
34.8196,34.8668,34.969,34.9868,35.0293,35.1681,35.2197,35.2996,35.3607,35.6173,35.7666,35.8309,35.8392,35.9172,35.9647,36.0771,36.0884,36.2204,36.2266,36.2279,36.2296,36.2369,36.2403,36.2608,36.2809,36.347,36.3911,36.4189,36.4231,36.428,36.4477,36.5923,36.6471,36.6499,36.6549,36.6803,36.7246,36.729,36.7344,36.735,36.7888,36.804,36.811,36.9318,37.0347,37.1828,37.1891,37.2512,37.5682,38.593,
35.5705,35.6004,35.6484,35.6572,35.6933,35.7107,35.7611,35.8074,35.8139,35.8979,35.9062,36.1292,36.1391,36.1772,36.2119,36.2607,36.2969,36.3091,36.3099,36.3129,36.3686,36.3738,36.3753,36.4181,36.4444,36.4625,36.4637,36.4637,36.4928,36.5017,36.5399,36.5436,36.5636,36.6285,36.7072,36.786,36.8764,36.9136,36.9547,37.009,37.0653,37.0991,37.151,37.1673,37.1892,37.7011,37.7587,38.2168,38.6555,40.5315,
35.7298,35.7726,35.7804,35.8567,35.8699,35.8854,35.9571,35.967,36.0088,36.1467,36.1772,36.2083,36.2143,36.263,36.3048,36.3316,36.3329,36.3432,36.4637,36.4637,36.4649,36.4712,36.4921,36.4926,36.499,36.5109,36.5323,36.5327,36.552,36.6159,36.6531,36.7182,36.7213,36.7257,36.7605,36.7933,36.805,36.8181,36.8252,36.8939,36.9227,37.1633,37.1783,38.3827,38.6059,38.7273,38.8577,39.0701,39.6485,44.6088,
35.5554,35.7013,35.7135,35.9258,35.9455,35.9754,35.9755,36.0247,36.0687,36.0799,36.0967,36.1094,36.1314,36.1355,36.1617,36.1814,36.1849,36.1941,36.2321,36.2352,36.2491,36.261,36.2725,36.2959,36.2973,36.3727,36.3798,36.3806,36.4355,36.4952,36.4991,36.5339,36.538,36.5536,36.5788,36.7204,36.722,36.7435,36.7841,36.8147,37.1133,37.1634,37.2653,37.2663,37.2698,37.3169,37.5567,37.7703,38.4102,41.6614,
36.0319,36.0365,36.0539,36.0655,36.0857,36.1108,36.1269,36.1301,36.1776,36.1848,36.1984,36.2037,36.2679,36.3032,36.3634,36.3859,36.419,36.4344,36.4634,36.479,36.4876,36.5339,36.5434,36.5616,36.6585,36.7043,36.7045,36.7174,36.7283,36.7347,36.7351,36.7357,36.7363,36.7843,36.7875,36.7925,37.0343,37.0575,37.1233,37.1676,37.1812,37.4265,37.631,37.8144,37.8255,38.2373,38.4039,41.3389,43.2726,44.3799,
36.2323,36.2503,36.2546,36.265,36.28,36.2828,36.2915,36.3333,36.3514,36.373,36.3788,36.3788,36.3945,36.3989,36.4399,36.4456,36.4596,36.4641,36.4731,36.4876,36.4887,36.4898,36.4948,36.5038,36.5044,36.5445,36.6156,36.6232,36.6621,36.7342,36.7519,36.758,36.827,36.8589,36.9265,36.9271,36.9361,37.0212,37.0635,37.1005,37.1058,37.1107,37.2882,37.5274,37.6648,38.3399,38.9419,42.2927,43.9101,44.378,
36.3504,36.3776,36.3789,36.3825,36.4011,36.4198,36.4267,36.4425,36.449,36.4509,36.4637,36.4652,36.4671,36.4885,36.4901,36.4907,36.4961,36.5006,36.5057,36.5162,36.519,36.553,36.579,36.6516,36.6604,36.6627,36.6904,36.7115,36.78,36.7958,36.8042,36.8051,36.8546,36.8985,36.9481,36.9755,36.981,36.9996,37.0272,37.0458,37.073,37.2493,37.3788,37.5758,37.6502,37.8992,38.2373,38.9002,38.9419,40.1132,
36.3787,36.4171,36.4267,36.4267,36.4311,36.4405,36.446,36.449,36.4562,36.4652,36.4652,36.4671,36.4671,36.4689,36.4754,36.4836,36.49,36.4999,36.5045,36.5066,36.5083,36.5146,36.516,36.5477,36.5594,36.5601,36.5668,36.6082,36.6241,36.6331,36.6552,36.6628,36.6863,36.7108,36.7235,36.7606,36.7997,36.8692,36.8746,37.1513,37.195,37.2186,37.232,37.4049,37.4981,38.2467,38.939,38.9597,39.0318,45.0856,
36.1767,36.2422,36.2623,36.2726,36.2837,36.2855,36.2915,36.2947,36.3326,36.3499,36.378,36.378,36.4262,36.4267,36.4267,36.4358,36.4564,36.4652,36.4657,36.4797,36.4826,36.4899,36.4951,36.5057,36.5057,36.518,36.5208,36.5257,36.5372,36.5514,36.5719,36.6765,36.7076,36.7171,36.7544,36.798,36.8234,36.8886,36.9189,36.9263,37.0065,37.0129,37.0776,37.1417,37.1766,37.2069,37.3773,37.4347,37.4701,38.2053,
36.2229,36.2498,36.2564,36.3112,36.3223,36.3545,36.3617,36.368,36.3728,36.378,36.3873,36.3878,36.3901,36.3963,36.4003,36.4276,36.4516,36.4685,36.4701,36.4755,36.4891,36.5016,36.5063,36.5552,36.5645,36.5842,36.624,36.6293,36.6552,36.67,36.7105,36.7127,36.7131,36.7631,36.7658,36.773,36.8293,36.831,36.909,37.0692,37.1042,37.2095,37.2528,37.2528,37.7475,38.3915,38.5738,38.939,39.1956,44.6004,
36.4779,36.4834,36.4897,36.499,36.5081,36.5132,36.5371,36.5557,36.5616,36.5775,36.5945,36.6016,36.6228,36.6244,36.6277,36.6623,36.674,36.6758,36.6821,36.6912,36.7026,36.7134,36.7135,36.7207,36.7285,36.7361,36.7798,36.8187,36.8326,36.8561,36.8792,36.9723,37.0597,37.0764,37.0862,37.0886,37.2144,37.4604,37.5092,37.6112,37.7747,37.9776,38.1701,38.2373,38.8372,38.939,38.939,39.1774,39.3264,40.4324,
36.5051,36.5373,36.5426,36.5679,36.6198,36.6432,36.6525,36.667,36.6868,36.6916,36.6923,36.7658,36.7703,36.8719,36.8836,36.8905,37.0162,37.0233,37.0244,37.0435,37.0862,37.1005,37.1061,37.1172,37.1194,37.1339,37.1423,37.1492,37.1696,37.1704,37.1834,37.203,37.2235,37.2432,37.2911,37.2963,37.4551,37.4882,37.5355,37.6758,37.8903,38.0484,38.2162,38.5331,38.939,38.939,39.0973,39.1048,43.2476,44.579,
36.521,36.5223,36.5314,36.5389,36.5644,36.5887,36.5935,36.6058,36.636,36.6589,36.6796,36.686,36.7282,36.7426,36.7775,36.7856,36.7883,36.8444,36.8755,36.8763,36.891,36.9029,36.9679,36.9694,36.9731,36.9969,37.0128,37.0456,37.0852,37.0862,37.0862,37.0862,37.0871,37.1071,37.1308,37.1964,37.2795,37.3787,37.4576,37.4882,37.8513,38.0695,38.2425,38.8917,38.939,39.1476,39.1525,39.4636,39.7571,39.9566,
36.478,36.4997,36.512,36.5329,36.5426,36.5792,36.6438,36.6537,36.6582,36.6583,36.6585,36.6812,36.7525,36.7565,36.8173,36.8191,36.8369,36.8392,36.9574,36.9658,37.0117,37.0745,37.0794,37.0844,37.0862,37.0862,37.0947,37.1071,37.1087,37.1233,37.1449,37.2238,37.2717,37.3665,37.3807,37.4053,37.5355,37.5355,37.5561,37.5698,37.5788,37.777,37.953,38.2419,38.2425,38.2425,38.9794,39.1706,39.2899,39.4109,
36.6363,36.6387,36.6582,36.6592,36.6799,36.7014,36.7372,36.7372,36.7391,36.7572,36.8225,36.8365,36.8497,36.8499,36.8579,36.8765,36.9037,36.921,36.9432,37.0442,37.0764,37.0844,37.0844,37.0905,37.0999,37.1039,37.1039,37.1097,37.1188,37.1899,37.2829,37.3369,37.4486,37.5193,37.6012,37.6537,37.8355,37.8609,37.8962,37.9668,38.1944,38.2373,38.4697,38.5783,38.6604,39.0452,39.3905,39.5523,39.7722,45.4942,
36.6098,36.6123,36.6592,36.7671,36.7863,36.8184,36.8238,36.8296,36.8307,36.8402,36.8741,36.8776,36.8907,36.9078,36.9404,36.975,36.9921,37.0265,37.0414,37.0613,37.0704,37.0732,37.0844,37.0844,37.0902,37.1017,37.1024,37.1039,37.1067,37.1265,37.1414,37.1894,37.3617,37.4237,37.6171,37.6806,38.3723,38.4255,38.8919,39.0335,39.0766,39.2162,39.2922,39.3594,39.4907,39.4929,39.5679,40.3092,40.6916,43.8853,
36.7526,36.7598,36.7702,36.7947,36.81,36.8302,36.8573,36.8585,36.9269,37.0039,37.0046,37.0265,37.032,37.0545,37.0723,37.0742,37.0789,37.0793,37.0818,37.0844,37.0844,37.0943,37.0944,37.1067,37.1067,37.1293,37.1363,37.1533,37.179,37.2152,37.4083,37.6331,37.7425,37.7627,37.8156,37.954,37.9621,38.1129,38.132,38.5337,38.8603,39.0021,39.1073,39.1124,39.1937,39.3146,39.3272,39.3403,40.5502,40.5641,
36.4579,36.463,36.4853,36.4988,36.5491,36.5676,36.5683,36.5795,36.6099,36.6113,36.6297,36.6791,36.6791,36.6976,36.7012,36.7371,36.747,36.7853,36.8047,36.81,36.8123,36.8528,36.8534,36.8582,36.8769,36.9187,37.0683,37.07,37.0789,37.082,37.0844,37.0871,37.1012,37.1032,37.2135,37.2297,37.2541,37.4221,37.741,37.7668,37.8241,38.1665,38.2725,38.7366,38.8651,39.0609,39.1341,39.1893,39.5837,40.6244,
36.5994,36.6348,36.6689,36.6707,36.6972,36.747,36.747,36.7537,36.7751,36.7845,36.7888,36.7931,36.8518,36.8557,36.9044,36.9046,36.9187,36.9258,36.9889,37.007,37.0545,37.0711,37.0774,37.0777,37.0902,37.0911,37.0925,37.1282,37.1372,37.1741,37.1877,37.2262,37.2836,37.2942,37.3882,37.4555,37.4555,37.6924,37.8049,37.9776,37.9987,38.039,38.4427,38.7208,38.9417,39.1927,40.0439,40.2064,40.4112,40.5462,
36.6329,36.6487,36.6701,36.6869,36.7114,36.7218,36.7353,36.7594,36.7632,36.784,36.8456,36.8565,36.8786,36.9019,36.9685,36.9862,36.9889,37.0042,37.0433,37.0595,37.0662,37.0711,37.0774,37.0785,37.0859,37.1194,37.1898,37.2542,37.2601,37.295,37.4868,37.5301,37.5355,37.57,37.5867,37.5979,37.8026,37.8045,38.0955,38.4135,39.0447,39.0597,39.2291,39.2444,39.9078,39.9876,40.0735,40.1576,40.1578,40.5802,
36.4236,36.4462,36.4905,36.5178,36.5686,36.5697,36.6198,36.6696,36.6833,36.729,36.8117,36.8206,36.8228,36.8505,36.8554,36.8673,36.8753,36.876,36.8885,36.8912,36.8985,36.9593,36.9608,37.0372,37.0415,37.0496,37.0645,37.0657,37.1513,37.1604,37.205,37.2498,37.262,37.295,37.3759,37.3878,37.4541,37.4868,37.4868,37.7821,37.8443,38.2373,38.7405,38.7533,39.1145,39.2197,39.2219,39.781,40.0893,40.8337,
36.4215,36.4237,36.4719,36.4949,36.5686,36.571,36.6475,36.6562,36.6601,36.6667,36.692,36.7044,36.7058,36.7454,36.7506,36.7713,36.7986,36.7986,36.8953,36.8987,36.9028,36.9141,37.1015,37.1047,37.1165,37.1182,37.1234,37.1328,37.1439,37.2229,37.2652,37.2729,37.2884,37.2927,37.4141,37.5355,37.5837,37.5958,37.7345,37.8215,37.9566,38.7242,39.0472,39.0563,39.1392,39.2219,39.6248,39.6341,40.3425,40.8338,
36.3425,36.384,36.4002,36.4548,36.4699,36.4702,36.4787,36.5585,36.5786,36.583,36.6268,36.6312,36.6333,36.6723,36.6733,36.6739,36.7506,36.7611,36.7627,36.7664,36.793,36.8953,36.8983,37.0942,37.0962,37.0969,37.1193,37.1234,37.1234,37.1623,37.1922,37.2261,37.2652,37.3135,37.3843,37.4182,37.4317,37.4619,37.5288,37.5355,37.5813,37.598,38.1204,38.2372,38.2372,38.5528,38.871,39.2219,39.526,44.3572,
35.9939,36.1007,36.1423,36.2569,36.2781,36.2989,36.3145,36.3196,36.3478,36.3599,36.4247,36.4306,36.4698,36.47,36.4759,36.4762,36.4785,36.4846,36.536,36.5431,36.5602,36.5936,36.6366,36.6404,36.6532,36.6964,36.7273,36.7504,36.7606,36.7633,36.7976,36.8293,36.9062,36.9433,36.9613,37.0779,37.2195,37.2487,37.2498,37.2884,37.3092,37.5231,37.5898,37.8757,37.9416,38.1517,38.3466,38.6365,39.431,40.3526,
36.0991,36.1534,36.2383,36.2456,36.249,36.3041,36.3112,36.3208,36.3235,36.3661,36.3725,36.384,36.3951,36.3994,36.4155,36.438,36.4514,36.4634,36.4951,36.5126,36.5949,36.6704,36.6769,36.6856,36.7474,36.7591,36.7862,36.7903,36.805,36.8073,36.822,36.8953,36.8984,36.9061,36.9441,36.9731,36.9948,37.0156,37.2241,37.2319,37.2959,37.3064,37.3163,37.3926,37.3951,37.4759,37.5355,38.2031,38.4489,39.3831,
36.3594,36.3635,36.3837,36.3994,36.4071,36.4325,36.4473,36.4559,36.4602,36.4668,36.4903,36.4911,36.5162,36.5239,36.5244,36.5276,36.5395,36.5418,36.5739,36.5945,36.6022,36.6261,36.711,36.755,36.7591,36.7612,36.7623,36.7648,36.7844,36.7987,36.8138,36.8264,36.8557,36.8651,36.8953,36.8953,36.9163,37.0215,37.1338,37.1803,37.2246,37.3889,37.3923,37.3926,37.4092,37.4585,37.4946,37.6674,38.2373,39.3831,
36.4003,36.4071,36.4078,36.408,36.413,36.4167,36.4167,36.4248,36.4371,36.4504,36.451,36.4609,36.4715,36.4717,36.4844,36.4914,36.506,36.5268,36.5339,36.5555,36.5634,36.5778,36.5967,36.6494,36.6502,36.6583,36.6603,36.6608,36.7105,36.743,36.753,36.7596,36.8096,36.8337,36.8512,36.8872,36.9403,36.9638,37.0092,37.0414,37.0555,37.0636,37.0859,37.1244,37.1591,37.2063,37.2865,37.3172,37.3982,37.5355,
36.4618,36.4679,36.4724,36.4931,36.4964,36.499,36.5051,36.5179,36.518,36.5219,36.5275,36.5381,36.5442,36.5609,36.5641,36.571,36.5721,36.603,36.6108,36.6169,36.6193,36.6375,36.6525,36.6567,36.6766,36.702,36.7065,36.7092,36.7254,36.7278,36.7352,36.7406,36.7544,36.7578,36.7606,36.7635,36.7794,36.8457,36.846,36.8557,36.9025,36.9638,36.9774,37.0677,37.0952,37.1011,37.1086,37.2178,37.816,38.3816,
36.4938,36.5074,36.5082,36.5129,36.5142,36.5179,36.5179,36.525,36.5285,36.5322,36.538,36.5389,36.5601,36.5705,36.5721,36.577,36.5894,36.5949,36.6193,36.6495,36.7044,36.7285,36.7293,36.7339,36.7403,36.7563,36.761,36.7969,36.8499,36.8593,36.966,36.9749,37.0095,37.0332,37.0381,37.0496,37.0533,37.0794,37.0964,37.1005,37.1338,37.2105,37.2993,37.3278,37.698,38.3828,38.5031,39.6338,43.649,43.74,
36.459,36.4696,36.4938,36.4958,36.4994,36.5052,36.5115,36.5267,36.5339,36.5607,36.5791,36.5827,36.5832,36.5909,36.6099,36.6156,36.6242,36.6378,36.6565,36.7148,36.7177,36.7351,36.7529,36.7969,36.7969,36.8176,36.8402,36.8422,36.8561,36.8632,36.8718,36.8721,36.9063,36.9638,36.9829,36.9894,37.0032,37.0519,37.1061,37.1394,37.1495,37.1767,37.2402,37.2711,37.2936,38.2373,38.5106,39.7021,40.8945,43.9275,
36.4176,36.4189,36.4289,36.4332,36.4456,36.451,36.4565,36.4689,36.471,36.4938,36.5139,36.5315,36.5319,36.5408,36.5483,36.5515,36.5548,36.5922,36.6087,36.648,36.6944,36.7237,36.7271,36.7361,36.7482,36.7704,36.7969,36.7973,36.8248,36.835,36.8444,36.9158,36.931,36.9535,37.1117,37.1124,37.197,37.2402,37.2402,37.5355,37.5991,37.7984,38.2022,38.2373,38.5786,38.6178,38.8435,43.0263,44.0353,44.4894,
36.568,36.5884,36.6045,36.6129,36.6206,36.6236,36.627,36.6355,36.6558,36.691,36.6944,36.6962,36.7086,36.7087,36.7113,36.7355,36.7596,36.7685,36.7871,36.8075,36.8102,36.8159,36.8246,36.8295,36.8344,36.8624,36.8709,36.8717,36.891,36.9357,36.9443,36.9537,37.0497,37.1217,37.1236,37.1439,37.1634,37.2564,37.6783,37.7524,37.818,38.2559,38.5369,38.8719,39.6989,43.5075,43.7915,44.0639,44.086,44.569,
36.5018,36.5093,36.5224,36.5224,36.5568,36.582,36.594,36.612,36.6177,36.6219,36.6312,36.6355,36.654,36.6884,36.7015,36.7065,36.7098,36.74,36.7461,36.7498,36.7655,36.7953,36.8048,36.8139,36.8211,36.8283,36.8353,36.9095,37.0016,37.0108,37.0267,37.0994,37.105,37.1269,37.1411,37.1658,37.1747,37.1936,37.2313,37.2981,37.325,37.4309,37.8662,38.0012,38.0022,38.7988,38.9989,43.87,44.1184,44.596,
36.5104,36.5186,36.5188,36.5198,36.5207,36.5317,36.546,36.5591,36.5766,36.5815,36.5865,36.5891,36.5948,36.5988,36.6125,36.6365,36.6774,36.6787,36.6788,36.6928,36.7032,36.7069,36.707,36.7377,36.7525,36.7564,36.7772,36.7986,36.8389,36.8397,36.8467,36.8728,36.914,36.9673,36.9725,37.0813,37.1864,37.1912,37.2173,37.249,37.2713,37.3338,37.5355,38.0741,38.1251,38.1806,38.2373,38.9039,41.4932,44.8577,
36.4573,36.4785,36.4885,36.4985,36.5058,36.512,36.5184,36.5224,36.575,36.5882,36.597,36.6138,36.621,36.7255,36.7488,36.7529,36.7637,36.7651,36.7886,36.7922,36.7944,36.8002,36.8075,36.8132,36.8138,36.8256,36.8688,36.9112,36.9176,36.9408,37.0033,37.0036,37.007,37.0156,37.0338,37.1138,37.1228,37.181,37.1872,37.199,37.2076,37.2386,37.2713,37.5795,37.7618,37.8945,38.1807,38.9039,41.3011,44.2456,
36.5237,36.5252,36.5344,36.5554,36.5723,36.5743,36.5796,36.6063,36.6077,36.6365,36.6366,36.6397,36.6449,36.6556,36.6947,36.7035,36.7432,36.7468,36.7542,36.769,36.8081,36.8159,36.8339,36.8746,36.9095,36.9137,36.9386,36.9416,36.9452,36.9948,37.0091,37.0161,37.02,37.0351,37.0442,37.154,37.1809,37.1906,37.2297,37.2332,37.2381,37.3561,37.8426,38.3525,38.3543,38.5141,38.9324,41.3808,42.7296,45.6247,
36.4617,36.4718,36.4912,36.4931,36.4984,36.4998,36.5021,36.5139,36.5237,36.5237,36.569,36.5691,36.5731,36.5769,36.6031,36.617,36.6366,36.6553,36.6956,36.7213,36.7434,36.7542,36.7617,36.7631,36.8184,36.8388,36.8527,36.9661,36.9745,37.0001,37.0267,37.0717,37.0779,37.0971,37.0987,37.1085,37.1695,37.1737,37.2119,37.2194,37.2222,37.2255,37.2853,37.4419,37.5414,37.6216,37.7018,37.8204,40.6348,41.5445,
36.3519,36.3532,36.3573,36.3761,36.3943,36.4346,36.4638,36.4688,36.4925,36.5139,36.5306,36.5444,36.5816,36.5886,36.5957,36.6056,36.6105,36.6166,36.6285,36.6397,36.6494,36.6746,36.6889,36.6932,36.7013,36.7197,36.7361,36.7398,36.7526,36.7919,36.8445,36.8799,36.8885,36.903,36.9253,36.9256,36.9958,37.0662,37.1152,37.1612,37.1791,37.2006,37.2125,37.2358,37.2999,37.4366,37.4814,37.6933,40.6214,41.023,
36.4477,36.4725,36.4742,36.5056,36.5179,36.5244,36.5355,36.5677,36.5747,36.582,36.6052,36.6295,36.6498,36.6501,36.6505,36.6583,36.6627,36.6738,36.7099,36.739,36.7726,36.7771,36.7948,36.8745,36.9256,36.9337,36.939,36.9433,36.9554,36.9567,37.0076,37.0283,37.0521,37.1087,37.122,37.1439,37.1443,37.1558,37.1709,37.1712,37.2378,37.2914,37.2948,37.3436,37.41,37.485,37.5364,37.6642,38.315,40.2419,
34.9232,34.9797,35.3274,35.9135,35.9822,36.1042,36.2035,36.2173,36.2332,36.2835,36.314,36.3701,36.3821,36.4364,36.4556,36.4671,36.4755,36.4764,36.5504,36.5865,36.599,36.6008,36.6029,36.6089,36.6294,36.6539,36.6666,36.7856,36.7868,36.8549,36.8861,36.893,36.9587,36.9628,37.0471,37.048,37.0804,37.1354,37.169,37.1954,37.2032,37.2883,37.3335,37.4836,37.5102,37.5355,37.539,37.6236,38.3426,40.5135,
35.934,35.9672,35.9783,36.0499,36.0532,36.0654,36.0751,36.1008,36.1515,36.1852,36.2072,36.2408,36.2763,36.2887,36.3625,36.3941,36.4364,36.4524,36.4643,36.4906,36.4947,36.5053,36.5755,36.6058,36.8166,36.8534,36.9344,36.9711,36.9742,37.0034,37.0102,37.0194,37.048,37.0486,37.0876,37.1372,37.1468,37.1552,37.1586,37.2566,37.3064,37.3609,37.4008,37.4468,37.5102,37.5304,38.1256,38.3988,39.2403,39.311,
35.8771,35.9206,36.0369,36.0776,36.0954,36.1076,36.1369,36.1517,36.1622,36.2099,36.2778,36.2854,36.3209,36.3408,36.3444,36.3733,36.3737,36.4324,36.4495,36.4503,36.4647,36.4719,36.4753,36.4805,36.5629,36.6025,36.6908,36.7289,36.7472,36.7532,36.7594,36.7899,36.7933,36.8178,36.8205,36.8337,36.8666,36.9679,37.0279,37.0441,37.1184,37.1536,37.1783,37.1819,37.2492,38.6307,38.8866,39.311,40.6433,44.3365,
35.9268,35.9328,35.9949,36.1556,36.207,36.2223,36.2574,36.2914,36.3027,36.3035,36.3272,36.3555,36.3818,36.3854,36.4007,36.4037,36.4193,36.4195,36.4291,36.4558,36.4646,36.472,36.475,36.5437,36.5749,36.5783,36.5785,36.5836,36.5893,36.599,36.6112,36.618,36.6642,36.6864,36.7273,36.7507,36.7515,36.8335,36.8696,37.048,37.0702,37.1126,37.1508,37.1852,37.2004,37.2449,37.2598,37.7897,38.3881,40.6769,
36.1084,36.1179,36.1493,36.1773,36.1963,36.2288,36.2487,36.3149,36.3185,36.3258,36.3355,36.3401,36.3671,36.3703,36.3707,36.3709,36.4023,36.4189,36.4479,36.4549,36.4769,36.4806,36.4887,36.4997,36.5136,36.5352,36.5382,36.5458,36.5548,36.6199,36.643,36.6661,36.6864,36.7099,36.71,36.7179,36.7547,36.8572,36.8577,36.8904,36.8978,37.0262,37.0956,37.1734,37.2241,37.2294,37.3313,38.2804,38.9688,43.9311,
34.2328,34.407,34.4892,35.4079,35.5856,35.9511,35.9702,35.9813,36.0768,36.0906,36.1085,36.1241,36.1722,36.2019,36.232,36.2453,36.2456,36.2633,36.3028,36.3481,36.3712,36.3868,36.3899,36.4231,36.4471,36.4597,36.4945,36.4954,36.5188,36.5298,36.5372,36.5454,36.5513,36.5643,36.5686,36.5727,36.5742,36.6256,36.6368,36.6726,36.6769,36.7986,36.8388,36.877,37.0348,37.0452,37.1491,37.4615,38.421,43.8733,
35.6796,35.7765,35.8992,35.9221,36.0257,36.0431,36.0542,36.0602,36.079,36.0803,36.0913,36.106,36.1432,36.1531,36.1546,36.1605,36.1655,36.1742,36.1878,36.2135,36.2172,36.2201,36.2229,36.2326,36.2511,36.2555,36.2999,36.3085,36.3776,36.3952,36.4013,36.404,36.4807,36.5231,36.532,36.5745,36.6291,36.6292,36.6556,36.6934,36.7633,36.7753,36.7834,36.7834,36.8028,37.0809,37.1607,37.2365,37.8162,38.0538,
36.0446,36.0602,36.0602,36.1569,36.1631,36.174,36.175,36.2166,36.2213,36.2456,36.2566,36.2583,36.2802,36.2833,36.2942,36.3227,36.4189,36.4802,36.4969,36.5025,36.5193,36.525,36.541,36.5779,36.5875,36.5958,36.6251,36.6286,36.6292,36.6934,36.6944,36.7186,36.7298,36.7855,36.7948,36.8271,36.8306,36.8721,36.883,36.9084,36.9086,36.9523,37.0832,37.1507,37.1635,37.3622,37.5286,37.6322,37.8486,38.0538,
36.037,36.0446,36.0951,36.0955,36.0982,36.1282,36.1342,36.1347,36.1629,36.1794,36.1912,36.1982,36.2915,36.3158,36.3201,36.3922,36.3988,36.4185,36.4533,36.4548,36.4732,36.4834,36.492,36.5044,36.531,36.5844,36.601,36.6027,36.6131,36.6233,36.6242,36.6433,36.6453,36.6764,36.7379,36.7833,36.8018,36.8412,36.8907,36.9083,36.9084,36.9135,37.0376,37.123,37.1495,37.1736,37.2306,37.3074,37.6016,38.5362,
35.8505,35.9337,35.9535,35.9935,36.0299,36.0828,36.1191,36.1219,36.1347,36.1474,36.1474,36.1551,36.1597,36.1642,36.165,36.1762,36.1913,36.2016,36.216,36.2429,36.2632,36.3085,36.3158,36.3259,36.3456,36.3642,36.3647,36.406,36.4847,36.5249,36.5773,36.6002,36.6967,36.7311,36.7321,36.7332,36.7454,36.784,36.9183,36.9424,36.9772,37.0092,37.1217,37.1495,37.1495,37.1869,37.2249,37.3745,38.0898,38.5308,
36.0231,36.0257,36.0299,36.037,36.0643,36.0803,36.0852,36.1347,36.1474,36.1478,36.1479,36.1598,36.164,36.1714,36.2036,36.248,36.2519,36.2829,36.3158,36.3158,36.3539,36.3642,36.394,36.3985,36.4263,36.5174,36.524,36.5324,36.5657,36.5934,36.6976,36.7032,36.7444,36.8087,36.8113,36.8123,37.0252,37.0494,37.0639,37.1361,37.1495,37.1744,37.2284,37.2458,37.3698,37.5189,37.6197,37.6773,37.7776,38.2643,
36.0821,36.0852,36.1061,36.1092,36.1354,36.1394,36.1474,36.1499,36.1621,36.1714,36.1978,36.1997,36.2244,36.2309,36.2795,36.2824,36.3158,36.3158,36.3608,36.3932,36.4644,36.4733,36.493,36.5008,36.5054,36.5582,36.5953,36.7343,36.7396,36.7445,36.7635,36.8077,36.8152,36.834,36.838,36.8395,36.8851,36.9388,36.9669,37.0398,37.0694,37.1495,37.3603,37.3919,37.7807,38.2412,38.2606,38.4725,39.0688,39.5125,
36.0081,36.0402,36.0661,36.0688,36.076,36.0762,36.102,36.1044,36.1143,36.1383,36.1474,36.1499,36.1499,36.1545,36.1714,36.1714,36.2253,36.278,36.2991,36.3158,36.35,36.3566,36.3841,36.4285,36.4322,36.4409,36.4464,36.4715,36.4811,36.4828,36.5201,36.5333,36.5408,36.547,36.6031,36.6211,36.6561,36.67,36.6874,36.7081,36.7396,36.7784,36.8688,36.9269,37.0129,37.097,37.3151,37.3427,38.1905,38.2372,
36.1391,36.1474,36.1474,36.1474,36.1499,36.1517,36.1567,36.1653,36.1981,36.2253,36.2323,36.263,36.2659,36.307,36.3642,36.3794,36.3898,36.3922,36.4165,36.4251,36.4506,36.4543,36.4687,36.4699,36.4863,36.4881,36.5179,36.5311,36.5327,36.5347,36.5425,36.6035,36.6442,36.6567,36.659,36.682,36.736,36.7396,36.7396,36.7633,36.779,36.8089,36.8919,36.9019,37.0972,37.243,37.3022,37.3853,38.2792,38.684,
35.8586,35.877,35.9219,36.0431,36.0618,36.0643,36.0726,36.075,36.102,36.132,36.1383,36.1386,36.1436,36.1474,36.1499,36.1644,36.2042,36.226,36.2313,36.2717,36.3642,36.3794,36.3981,36.453,36.4543,36.4601,36.4676,36.4776,36.516,36.6035,36.6442,36.7075,36.7177,36.7396,36.7396,36.7396,36.7635,36.8257,36.8378,36.8954,36.9904,37.0142,37.0573,37.1552,37.4099,37.466,37.9618,38.923,38.9612,39.5466,
33.9193,33.953,34.1168,34.5555,34.8238,34.9767,34.9881,35.5481,35.8419,36.0661,36.0859,36.0961,36.1077,36.1183,36.1881,36.2012,36.2283,36.3154,36.3495,36.3537,36.3642,36.3649,36.3917,36.3931,36.3957,36.4099,36.4129,36.494,36.6035,36.7385,36.7396,36.7396,36.7396,36.7759,36.792,36.8982,36.9752,37.0381,37.109,37.1162,37.2033,37.4099,37.4109,37.6353,38.2071,38.2373,38.6671,40.9846,42.1041,43.5518,
30.5179,31.402,31.7917,31.9762,32.1111,32.4209,33.0524,33.6283,33.8452,34.0016,34.018,34.0485,34.3108,34.3567,34.4834,34.5855,35.3325,35.6212,35.9783,36.0842,36.0859,36.1183,36.1499,36.1612,36.1919,36.2464,36.3222,36.3642,36.3642,36.3683,36.3853,36.4587,36.5112,36.6035,36.7081,36.7178,36.7385,36.7533,36.777,36.8574,36.9207,36.9752,36.9752,37.0248,37.0454,37.2285,37.884,38.2501,38.879,43.3886,
32.4689,32.6232,32.7777,32.7799,33.1976,33.2886,33.9763,34.0016,34.032,34.5755,34.8654,35.2876,35.4006,35.4595,35.4612,35.4644,35.6284,35.8328,35.9565,35.9783,36.1093,36.1711,36.2517,36.2535,36.2624,36.3216,36.3222,36.3642,36.3642,36.3642,36.3642,36.3642,36.3656,36.3668,36.4083,36.4581,36.5056,36.5617,36.5941,36.6902,36.702,36.7032,37.1788,37.441,37.6445,37.8513,38.2581,38.3016,39.3739,40.4161,
32.4498,32.4873,32.5184,32.5439,32.6232,32.8108,33.0924,33.1581,34.0792,34.0972,34.5068,34.5116,34.8903,35.0828,35.279,35.4645,35.4818,35.583,35.7003,35.7153,35.9783,36.0834,36.25,36.2521,36.2642,36.299,36.3045,36.3642,36.3642,36.3642,36.3642,36.365,36.3666,36.4262,36.4309,36.4415,36.5103,36.5164,36.5362,36.6403,36.8705,36.9039,37.5865,38.2373,38.2508,38.2715,38.2788,38.8721,39.3865,41.4879,
32.5937,32.6232,32.6542,32.7642,33.1713,33.2188,33.6711,33.7682,33.7737,34.1019,34.1054,34.5357,34.5817,34.7935,34.8077,34.8157,34.8688,35.1533,35.2207,35.5032,35.5274,35.7438,35.9783,35.9789,35.979,35.9821,36.0098,36.0331,36.0779,36.1338,36.1668,36.1791,36.1817,36.2601,36.3642,36.3666,36.3666,36.4396,36.5076,36.5811,36.612,36.6364,36.7045,36.8944,37.858,38.2373,38.2424,38.2708,39.3711,41.0457,
