0,0,26.7434,42.1054,0,0.000111035,3.50878,36.9103,21.0527,0.123786,2.72905,0,0,0,1.58997e-05,1.91228,0,0,0,0,0,12.9453,30.7963,47.2144,0,0,0,0,0,0,0,0,0,0,0,38.546,0.597571,1.84166,0,76.7048,3.50878,7.93437,2.71882e-06,38.6523,0.0421778,0.00922054,0.30044,0,38.5966,2.78259e-05,0,38.4294,3.50878,0,1.22807,0,0,0,0,4.23457e-05,0,3.50878,13.9541,0,43.508,0.427669,0,0,0.319143,0,0,0.0764537,3.25398,0,0,3.50878,68.0357,0,0,5.66367e-12,0,0,0,0,0,0,0,2.10526,39.2794,0,0,0,0,0,42.1053,40.0001,6.70832,0,2.14802,0,0,0,0.00346226,0,38.6125,0.0311145,3.50798,0,0,0.0438596,0,0,47.2259,0,17.5439,4.65845,0,0,31.579,0,0,2.60121,0,0.0757693,33.7873,0,0,3.50878,0,0.503217,0,18.3582,0.0153966,0,0.809132,42.1054,35.6366,0,0.175439,0,0,0,42.1046,0,0,0.0152821,25.7139,0.000359458,0,0.573004,0,0,0,0.0278099,0,0,0,0,0.905663,0,0,0,0,43.5089,0.00018258,0,33.5535,0.266249,0,0,3.33334,6.79291,3.50878,0,3.71965e-12,0,5.30523,0,5.94737,42.1053,5.94277,0,0,7.60419,0.000153938,0,0,0.0490764,14.3126,0,42.1054,0,0,0,0,0.22344,0,0,0,0,
0,0,0,38.5966,0.751994,0,0,0,0,0,0,45.4874,0,0,45.7248,0,0.146709,38.5966,1.57879,0,0,0,4.2073,0,0,0,5.38533e-08,1.4449,0,0,0,0,31.9625,1.01211,1.48101,62.2208,42.1054,2.92398,0.211969,10.513,0,0,3.19381,0,0,0.00527665,17.5501,0,0,0,3.08938,0,0,30.736,0.83329,0,0,66.6668,0,15.5174,0,0,6.13186,0.0429651,42.1054,0,39.2415,2.12461,0,0,40.0001,19.3859,0,0,0,0,0,0,0,0,36.1192,0,0.253503,0,4.94012,0,0,42.1054,0,39.1567,0.109649,0,40.0001,38.6111,0.0635246,0.532082,0,9.21053,3.50878,0,50.541,0,0,45.6141,0,0,0,0,3.33334,0,26.5686,3.50878,0,32.8192,1.41996,0,0,0,0,0,30.8006,0,32.0559,45.6141,0,55.3408,3.50878,10.8578,0,27.078,0,42.1053,0,0.0459191,0,0,0,40.0001,1.81278,38.5966,1.94853,17.0176,39.3463,0,38.0001,42.1054,0,4.26136,25.5971,40.0001,38.5955,0,0,1.84283e-09,40.0001,20.5608,43.5089,23.5084,1.16181,3.50878,1.17329,28.0702,0.248956,0,34.3465,0.947118,0,2.42081e-09,42.1054,30.9872,0,0,0,31.8277,0.0255968,3.50878,39.7,19.7694,0,39.3351,5.17678e-05,29.1409,51.0029,0.417486,0,39.1029,27.302,0,0,38.5966,0.116934,38.5966,0,0,30.3683,0,0,38.3581,32.055,0,
32.7762,0,0,0,0,32.0851,0,0,42.1053,38.9818,5.73206,0,40.0001,26.6434,37.919,34.1321,31.3574,0,0.501994,1.14515,0.943141,0,0,32.1666,0,29.464,0,0,40.0001,23.006,3.50878,0,0,41.9299,0,0,42.1054,0,29.5692,34.2495,0,40.1903,0,8.92665,18.7114,23.0648,42.1053,7.14435,0,0,24.9822,0,3.50878,0,21.0526,32.2684,32.001,0,41.2571,30.4956,5.01934e-06,0,0,5.1748,0,4.41668e-24,0,32.001,6.10312,0,39.4044,0,6.38506,1.13636,33.3019,0,3.50878,0,1.66654,0,33.5642,0,0,0,0.0933166,27.9902,1.64914,42.0576,0,15.3778,39.4513,40.8658,0,0,45.125,33.5322,2.55162,19.0753,2.76955,0.0145902,30.635,0,38.5966,0,16.642,17.4344,37.6766,38.4375,21.0527,0,3.50878,40.0001,38.1432,42.1054,52.2629,0,11.8412,0.559997,29.418,64.7742,34.8905,40.0001,0,0.0228529,0,0,0,42.1054,38.3759,16.7637,39.3351,37.6706,30.8006,0,3.50878,38.5966,5.58195,0,0,17.5501,0,0,13.4894,0,40.321,38.5966,31.8199,0,0,0,40.0001,5.2746,38.01,0,0,36.6658,0.585222,0,0.83329,2.30038,42.1054,0.789474,0,0,42.1053,0,0,42.1054,42.1053,0,36.9067,43.2527,80.1379,10.5314,34.1863,38.5966,0.026005,39.3554,32.0495,0,0,0,0,0,3.60575,3.78862,38.8835,30.736,0,42.1054,28.4647,18.1336,0,40.0001,17.9572,40.0001,0,42.1054,31.579,78.7721,
0.524309,0.00877193,24.0521,0,0,0,0,13.8799,5.76197,42.5354,39.6135,39.4591,0,0.00424328,23.6609,4.97477e-29,39.9169,0,34.6344,42.1053,41.9299,0,3.50822,0,0.000702501,18.1037,0.000288877,34.6344,2.97136,0,23.0155,42.1054,36.6461,80.7019,0,33.4691,28.8799,6.04445,18.1316,9.63916,0,0,36.9048,0,0,0,6.04175,0,0,42.0759,17.5501,0,0,61.288,0,0,0,42.1054,17.6894,0,0,39.3063,42.1053,0,51.0598,39.2574,38.9414,0,0,14.8804,39.3095,33.3073,7.02592,0,20.8834,21.0527,0,0,3.50878,42.1053,0,0,61.7531,1.35785,0.811385,23.7976,0,18.6938,80.1379,0,36.6658,30.8006,42.1054,38.5966,41.9299,7.91822,34.3284,0,42.1054,0,42.1054,10.1694,42.0193,0,0,29.1229,32.0114,0,2.37255,38.5966,37.9671,9.17601,0,40.1961,42.1054,0,42.1054,36.6976,18.2885,0,37.7572,0,3.16668,0,41.9332,66.7522,9.41743,42.1054,0,40.0001,42.1053,32.0721,30.8566,29.5172,35.0878,4.29189,42.1054,0,40.5264,5.28876,34.5954,38.6484,0,0,5.30079,0.00714446,0.00686922,0,38.5966,45.6141,0,0,0,0,37.9671,0,25.5166,33.258,40.0001,0,25.6116,42.1054,3.50878,30.7152,9.39492e-09,38.5966,29.4096,0,0,0,42.1054,0,0,42.1054,5.74143,38.3597,38.4372,19.2715,0,42.1054,0,26.4839,30.0901,41.9299,38.8282,38.5687,40.0001,37.9448,41.9504,0,0,0,25.2924,0,0.0271957,46.7572,0,31.0728,40.0001,38.5966,
0,0,0,11.838,0,40.928,34.9426,38.4405,34.727,0,18.5802,51.4684,0.0231123,36.9475,0,0,0,42.1053,0,0,3.50813,39.4281,1.35319,0.584057,0,0,0,1.84349,0.263223,1.55821,42.1054,1.31747,33.9781,2.02109e-06,42.1054,0,0,38.5966,0,27.8535,42.1054,4.81676,0,0,35.4696,36.3722,0,24.6855,0,3.50878,2.58173,42.1053,0,33.2662,76.8272,3.12195,39.5121,0,15.5021,0,40.0558,39.1684,0,0,0,42.1054,19.2991,39.8144,0.526316,26.3385,41.4458,37.9184,42.1054,0,38.5966,29.3113,0,45.6949,0,34.7904,39.7516,0,42.1054,36.1386,0,2.85265,42.1054,0.764785,74.8559,0,17.533,4.69531e-07,36.9048,42.1053,42.1053,0.506762,8.15095,0,0,42.5539,0,0,38.5966,0,25.8904,0.175439,28.1152,42.1054,0.693981,47.18,1.42633,33.3073,35.0893,0.0242046,40.0001,42.0759,1.68048e-06,41.1404,40.0001,8.07886e-10,81.7237,0,42.1054,43.4605,0,32.3104,42.1053,0,72.934,42.1054,39.1802,42.1053,25.1497,29.6332,42.1054,2.27773,42.1054,0,16.3205,0,0,41.9299,27.9441,42.1053,0,37.9448,42.1054,42.1054,38.5931,6.28502,40.8948,0,42.1054,0,34.5609,39.4126,42.1054,33.9962,0,0,0,21.4703,0,32.8999,8.82709,42.1054,35.2362,42.1054,36.4852,39.6905,0,38.5966,40.0001,42.1054,42.1054,27.9053,44.5497,38.6549,37.6963,42.1054,40.0001,44.858,6.13166,28.0226,41.9299,80.6941,34.7369,23.3318,28.8799,48.1783,34.386,0,42.1054,30.8717,42.1054,33.0422,76.8272,42.1054,0,45.6141,
10.5017,30.7006,2.09032,2.93323,38.5966,40.0001,29.4481,29.5955,0,49.553,39.0664,16.6363,42.1054,85.0631,40.9154,35.6919,0,0,0,53.376,0.426531,42.1054,38.8306,9.8899,20.136,14.5805,0.00377054,36.9277,42.1054,0,40.0001,42.1054,0,35.0878,38.5966,38.5339,0,42.1054,41.9299,0,38.1141,0,38.3191,42.1054,36.5329,37.3786,42.1054,40.0001,42.1054,0,17.5501,0,39.2509,72.1509,0,0,38.3191,42.1054,0,14.9795,32.9657,2.13689,42.1054,2.55064,0,5.43861,0,0,0,76.8272,37.1887,0,0,42.1054,0,32.3752,0,0.155375,42.1054,37.2011,0,42.1054,42.1053,42.1054,39.7734,42.1054,42.1054,42.1053,28.8802,31.5777,47.9814,0,38.277,35.0878,0,39.6461,42.1054,40.0001,42.1054,0,76.8272,5.0702,0,0,40.8489,42.1054,42.1053,0,36.8901,0,1.70361,30.8742,38.5966,0,0.144033,40.0001,42.1054,0,42.1053,40.0001,38.5965,0,0,36.5996,0,42.1054,5.43861,0,30.7833,42.1054,0,0,0,16.7908,42.1053,31.7734,39.4281,42.1054,0,39.0107,0,0,0.270128,36.3578,40.5571,39.4738,0,42.1054,27.5767,0,42.1054,33.3073,41.9299,37.9448,17.5283,31.579,40.0001,80.6132,42.1642,0,0,42.1053,42.1054,32.628,42.1054,42.0136,6.39344,8.17266,33.3073,0,0,53.3011,42.1053,0,51.1145,42.1054,38.5966,42.1054,0,0,26.9521,30.9573,39.349,0,0,0,33.34,33.5958,42.1054,40.0001,0,41.3931,0,33.3143,41.9299,30.3723,28.9197,42.1054,39.349,39.5467,
0,31.2843,0,4.21939e-07,35.0878,0,35.0878,6.55306,0,0,0,0,42.1896,3.50878,0,0,38.5966,11.8051,17.5501,17.2725,36.3356,34.151,41.5025,0,0,0,0,0,31.293,0.354858,38.5966,0,47.4952,0,25.5769,0,41.9299,0,0,19.4571,2.28326,40.0001,42.1054,63.3928,0,0,0,0,0.00577738,42.1054,72.6694,0.830205,35.751,31.7734,38.5966,0,28.6718,42.1055,0,0,0,2.28498,1.2427,38.5966,0,42.1054,40.0001,0,42.1054,80.8696,15.2153,42.1054,0,51.5255,40.0001,0,42.1053,38.5339,0,40.0001,35.751,0.00433018,41.9408,35.9007,24.1517,40.0001,42.1054,42.1053,0,76.7108,38.9504,33.2822,40.0001,0,3.50878,38.5469,37.7781,31.7734,38.5966,27.7341,0,39.335,17.5501,34.7219,73.5457,42.1054,0,0,4.5,3.50878,0,0,37.3078,42.1053,12.205,42.4834,0,35.751,0,36.5329,42.1054,78.7827,3.76316,42.1053,0,35.8695,43.5089,0,42.1054,0,39.3623,0,42.1053,38.5966,20.5149,37.6052,42.1053,30.1703,42.1054,0.22807,80.7019,1.34525e-36,0.0444195,2.66564,2.86265,42.1054,0,0,3.33334,42.1054,0,26.3084,0,53.3726,15.3464,0,36.8013,40.0001,0,42.1054,42.1053,3.02213,37.1984,42.1054,42.1054,21.1743,39.5926,42.1054,80.6318,46.2592,38.5339,0,0,42.1053,0,0.0272522,38.4569,42.1053,36.6668,39.4368,38.5966,0,0,5.80285,32.4894,42.1054,42.1054,44.2516,38.5796,36.7596,34.1248,34.08,42.1054,0,36.5329,42.1054,36.5329,17.237,0,39.6196,
42.1054,0,0,42.1054,0,42.1054,42.1055,40.0001,11.7081,38.3796,27.3602,42.1054,39.1248,0,38.5966,79.1232,0,41.3284,0,0,30.4211,17.5501,37.9983,30.9066,0,34.4961,38.5339,42.1053,43.9213,40.0001,31.1444,0,38.2132,41.8235,47.869,42.1053,30.2479,75.865,39.3488,42.1053,42.1053,0,0,42.1054,0.718158,25.9211,36.5329,0,2.99472,0,39.3831,38.5966,56.1466,20.4945,41.8936,64.1069,12.9806,38.5966,0,0.378061,28.2382,27.8126,38.7581,1.07171e-11,0.0263158,37.1459,42.1054,36.3899,0,0,38.5966,37.0545,0,0,0.0581035,8.42478e-10,80.7019,36.4071,42.1054,42.1054,42.1054,0,3.50878,0,0,37.8487,42.1054,0,0,42.1054,0,0,0.0701754,38.5966,25.138,42.1054,0,0,42.1054,17.5695,0.0964912,40.1519,27.8609,0,34.8322,38.5966,31.3765,75.9567,0,39.4152,38.5966,0,38.5966,42.1054,38.5966,2.90352,0,36.7854,35.7066,30.9063,3.50878,42.1054,0,34.8124,0,0,58.5905,42.1054,0,40.2896,40.6243,29.1443,42.1054,0,0,38.5966,9.30197,38.5966,0,42.1054,42.1053,59.5564,37.7789,40.5812,40.06,42.1054,42.1054,37.3205,69.5817,0,40.4738,0,16.9206,73.9601,47.9853,3.68554,0,77.129,0,42.1054,0,34.0733,35.0786,38.5966,40.0001,79.7071,2.10526,39.464,42.1054,42.1054,45.6141,53.2495,32.8899,37.3094,2.53226e-05,38.5966,45.7862,42.1054,38.3159,42.1053,0,42.1054,34.8079,42.1053,0,0.284218,42.1054,38.5966,0,42.1054,38.5966,78.451,38.5966,42.1054,40.0001,42.1054,38.5966,42.1054,36.7007,42.1054,
0,41.3613,42.1054,47.4385,31.525,42.1054,58.1245,39.8329,0,0,42.1053,19.2553,42.1054,0,36.7876,42.1054,0,0,0,42.1053,52.3887,42.1054,24.6998,17.5501,34.447,42.1054,42.1054,0,1.85323e-10,36.4945,42.1053,42.1053,2.47667,29.5811,11.8377,3.63682,0,40.7321,36.704,16.6363,0,0,27.1456,0,39.3244,0.567795,21.4042,0,24.1343,39.4473,0,40.0001,39.2264,0.00667273,0,0,0,33.0473,31.5984,0,17.3368,38.8487,35.9054,42.1054,37.3546,12.0609,33.6614,32.206,40.6243,78.2445,15.9887,0,45.6141,0,0,0,0,40.3831,0,3.50878,0,42.1054,33.5049,58.6996,42.1054,0,36.1307,0.678787,0,0,36.4886,0,42.1054,0.0430576,36.1589,1.37895,1.05761,39.3212,38.5966,0,0,38.7642,0,32.2469,42.1053,0,42.1053,17.577,42.1054,42.1054,3.33334,5.73346,80.7018,0,42.1054,42.1053,14.9471,0,72.2173,32.0425,17.5501,39.9178,0,0,0,11.4508,0,0,1.41169e-07,34.1483,38.4358,42.1053,0,45.2537,0,38.5339,0,39.8661,78.3613,41.0404,3.52714,0,31.7721,0,37.0945,2.0219,37.0146,0,0,0.000158736,77.1289,41.163,0,40.7392,8.77442e-05,70.7575,0,42.1054,0.71073,39.1248,42.1054,40.8983,42.1054,42.1054,42.1054,39.2203,17.0963,42.1054,42.1054,17.1229,3.9364,0.155214,37.7756,0,0.631632,42.1053,42.1054,42.1053,17.5501,42.1054,45.4884,36.7854,42.1053,42.1054,5.09225,0,38.5339,0,36.7854,0,12.4972,36.931,51.1444,0.718158,38.5966,9.205,0,0,42.1054,36.7854,
0,0,1.31649,38.6809,0,0,0,42.1054,0,0,51.2465,0,0,40.7865,42.1053,1.02173,31.9498,0,16.5387,0,40.4471,40.0001,19.4593,42.1054,42.1054,39.3212,35.5021,16.6363,0,0,0,9.64155,0,42.1054,3.50859,42.1054,42.1053,0,0,0,0,1.07085,0,2.63158,35.2682,0,42.1054,0,6.88343,0,0.00234879,0,42.1054,0,21.7151,11.6242,42.1054,42.1054,42.8041,0,42.1054,0,17.4412,0,42.0356,0,42.1054,0,42.1054,0,13.5077,34.6768,0,0,0,34.091,0,26.9488,0,40.0001,0,0,31.5709,0,49.1229,42.1054,45.6141,34.0409,0,0,0,34.089,42.4697,0,47.7362,42.1053,0.0415638,0,0,33.2294,1.96745,42.1053,28.7285,36.2561,0,33.6259,28.8283,1.43835e-05,38.7642,0,1.89288,35.9098,36.6668,0,34.8738,0,0,42.1054,18.4081,36.5114,0,42.1054,32.8901,42.1053,15.3982,42.1054,0,42.1054,35.4911,0,42.1054,34.3717,0,38.6104,0,37.9855,35.9054,28.7976,42.0835,0,0,40.0073,63.158,42.1054,34.3843,0,35.0237,42.1054,0,34.0352,42.1054,32.0498,36.7854,60.2333,42.1054,0,0,42.1054,77.1634,30.7075,38.1151,0,38.892,0,36.3005,0,21.3964,42.1053,0,0,35.5215,42.1054,37.5392,2.68901e-21,42.1054,40.3753,8.75593,0,38.5966,17.4677,42.1054,25.8639,0,30.8488,3.50878,39.4489,38.7223,41.1485,42.1054,36.5738,36.7854,42.1054,0,42.1054,39.3069,17.3598,19.9636,50.7653,0.157895,0,
0,0,42.1053,0,42.1054,0,16.0577,38.5966,33.3591,35.5021,17.5119,40.0001,42.1054,42.1054,73.4022,0,0,0,0,33.6707,40.5731,0,0,0.569693,0,42.1054,0,0,0.0157762,0,0,82.4447,0,0,0,0,58.9746,0,42.1054,42.1054,16.1113,0,0,54.5902,0,0,42.1054,3.50878,0,0,42.1054,18.3584,19.7593,38.5815,2.76365,36.831,0,0,0,0,42.1026,42.1054,42.1054,0,0,56.8274,0,5.43861,0.43834,17.4907,0,3.50878,42.1053,0,0,28.9742,2.26565,34.1545,0,0,0,42.1054,42.1054,44.4406,38.7642,39.2984,0,42.1054,42.1054,0.0615938,0,42.1053,2.54921,1.00806,16.6363,36.6184,0,0,27.3559,53.7247,0,32.5874,42.1054,42.1054,12.8265,0,42.1054,0,40.0001,40.0001,0,33.4607,0,0,34.2554,0,0,39.8314,35.0892,3.15364,3.50878,0,42.1035,39.3669,13.6437,35.1317,42.1054,41.712,0,45.7546,7.22978,37.3662,39.5666,0,42.1054,42.1054,0,34.9413,0,16.2039,39.3069,42.1053,42.1053,0,36.5738,42.1054,42.1054,25.9018,42.1054,0,0,42.1054,0.292382,0,37.3315,34.8403,42.0535,26.3148,0,42.1054,0,65.1993,0,0,42.1038,17.5501,0,0,0,41.6358,0,0,0,34.485,32.8901,42.1054,42.1054,42.1054,42.1054,0.0164955,45.5684,51.8713,32.4723,35.5215,0,0,0.617689,1.70625,45.5017,84.2107,37.4957,42.1054,42.1054,42.1054,33.6388,35.2801,39.3069,34.5287,0,35.7978,
0,0,42.1054,35.6262,0,42.1054,0,0,42.1054,0,42.1054,35.6087,38.5966,17.5501,42.1054,39.3922,0,31.293,28.4493,31.293,32.2335,45.0034,0,0,35.5021,42.1054,35.9567,0,0,39.6982,42.1053,33.9851,36.7717,36.8229,42.1054,30.6458,42.1054,59.5931,42.1053,0,37.0454,0,3.35925,38.0477,35.2801,0,42.1053,0,27.0766,0,0,42.1054,16.6363,40.3393,41.4688,3.50878,42.1033,1.2109,17.8131,32.8063,78.965,0,27.6167,0,0,34.0287,38.5966,42.1054,0,42.1026,0,42.1054,42.1054,42.1054,0,26.0052,0,0,41.5582,0,32.5753,42.1054,0,3.49699,19.8668,0,0.0187437,17.2068,0,42.0474,41.6242,41.4757,38.5966,42.1054,0,42.1054,42.1054,40.2245,0.00110338,0,22.2135,0,0,0.811385,0,17.9444,0,0,36.8805,39.6598,40.5875,0.0869343,42.1054,0,0,40.0001,35.5215,42.1054,0,36.8089,0,42.1054,1.6496,34.2106,38.0703,34.9337,3.50834,16.8693,3.50793,42.1054,0,0,0,0,0,42.1022,41.9256,38.772,30.3888,42.1054,0,42.1054,21.0864,42.0652,0,42.1054,42.1054,23.9968,16.0803,42.1054,33.7217,0,0,0,0,34.8696,0.526316,36.6166,35.2801,39.2984,41.1543,42.1054,0,38.5966,42.1054,0,0,42.9283,2.05279,5.22641,36.0991,42.1054,42.1054,2.98246,0,0,19.9059,38.7932,76.6916,0,0,0,42.1054,42.1054,0,1.79766,42.1054,0,30.8514,16.3677,1.70531,42.1054,24.0158,0,23.7497,40.0001,9.26039,42.1054,42.1054,42.1054,
0,0,0,0,0,35.768,0,0.297941,0,0.322952,0,0,42.1054,16.3998,0,39.0283,2.8907e-05,28.1527,0,0,34.5202,0,0,16.6363,0,42.1054,42.1054,41.791,0,31.293,0,42.1054,42.1054,7.28948,26.5891,15.6388,0,38.5966,31.4612,40.0001,0,0,31.293,42.1054,36.7005,0.283788,0,36.6061,39.0356,58.0321,27.2738,42.1054,1.53472,0,0,0,42.1054,36.8802,0,42.1054,26.7453,42.1054,0,0,41.4529,38.4944,41.3146,0,38.5966,0,32.1959,0,39.9996,42.1003,0,21.0527,17.5501,0,42.1054,7.31854,0,0.552375,0.593175,37.0509,17.9422,0,40.0001,41.1126,0,42.1053,0,0,0,82.4831,0,0,42.1054,42.1054,0,42.1054,41.7361,0,0,42.1054,0.120403,40.2474,3.50878,42.1054,39.451,0,0,42.1054,40.9757,0,2.26908,19.0064,0,60.6997,0.647773,0,0,42.1054,0,44.4076,0,42.1053,0,0,0,0,41.4867,41.9298,42.1053,31.293,42.0508,0,3.50844,0,0,40.6296,42.1054,40.0001,0.0964912,42.1054,42.1054,0,3.50878,0,58.9648,38.5966,0,0.0526316,41.8288,42.0151,16.1773,32.0805,1.92982,2.98246,0,0,42.1054,41.3595,1.64335e-12,42.0652,42.1054,34.8357,16.8635,42.1054,40.0001,42.1054,42.1054,0,29.7695,41.8794,0.036397,30.7105,35.2333,32.8552,41.6734,0,42.1054,40.9933,0,42.1054,42.1054,36.7961,0,40.9847,42.1054,0,58.8344,42.1054,17.3807,36.6147,40.6197,42.0814,35.5215,41.5317,42.1054,38.5966,
0,0,0,0,0,0.888369,0,42.1053,0,38.5966,41.0448,32.1503,42.1035,0,42.1054,0,42.1053,0,41.448,0,0,16.8918,42.1054,3.50878,40.3147,17.453,39.3383,42.1054,13.5104,0,1.86576,42.1054,38.1218,0,40.9238,33.9149,42.1054,35.0878,42.1054,34.4066,7.44816e-23,0,25.758,0,42.1054,42.1054,36.3258,0,0,41.8874,37.89,35.9567,42.0683,27.1322,42.1053,42.1054,58.603,0,40.6416,42.1053,0,36.3258,0,16.0238,37.002,0,42.1053,0,42.1054,44.5271,36.3258,0,40.4566,0,2.05577,28.1544,17.6132,2.0111,31.293,0,0,42.1054,1.79091,0,42.1036,0,15.1999,23.5088,42.1054,0,42.1054,0,34.3875,35.0237,0,15.7342,21.0527,37.6688,0,0,0,42.1053,31.293,0,1.67237,0,0.296315,42.1054,40.2509,42.1054,0,31.293,0,36.824,42.1054,0,38.3481,42.1054,41.7392,48.6583,34.3527,42.1054,31.293,42.1053,16.1041,42.1054,0,36.6668,3.50877,42.1054,42.1054,0,0,42.1054,42.1054,42.1054,29.8802,37.0773,0,40.0001,42.1054,0,0,42.1053,39.2971,48.1134,52.7298,40.3184,24.274,80.9998,42.1054,41.8715,42.1054,42.1054,20.0543,41.7816,42.1054,42.1054,0,38.5966,40.0001,25.7605,1.27693,41.4624,0,39.8009,42.1054,34.4017,42.1054,42.1054,40.5996,1.03337,42.1054,0,40.2486,40.3952,42.1054,0,42.1054,40.0001,0,42.1054,42.1054,40.5464,41.677,0,42.1054,40.0001,0,0,42.1054,84.2107,62.6581,41.3769,42.1054,42.1054,42.1054,40.741,40.0001,40.7335,
0,31.1206,0,42.1054,6.88818,0,17.5501,42.1053,0,6.73209,35.389,37.0894,0,32.8404,37.0674,0,0,0.0176363,0,13.5896,1.75429,0,42.1054,0,41.865,0,0.000111035,35.0237,42.1054,0,0,42.1054,23.6783,0,42.1054,0,42.1054,0,42.8041,41.7697,72.4375,0,0,40.3786,9.44195,0,0,0,37.2419,0,0,84.2106,0,42.0911,42.1054,42.1054,39.96,39.6261,37.8974,48.8176,3.03386,42.1054,23.3965,37.7246,33.8388,0.698771,42.1054,0,42.1054,0,39.2913,42.1054,0,41.9514,0,42.1054,0,0,41.1054,40.0001,42.1054,1.58947,42.1054,25.0808,0,0,41.5875,41.1306,42.1054,0,40.4701,52.5054,20.0599,0,42.1054,38.0726,42.1054,0,0.24398,35.0878,42.1053,40.9164,42.1054,38.5966,42.1006,0,1.68512,38.5966,0,39.8444,42.1054,42.0781,0,0,0,0,0,42.1054,39.9266,42.1054,41.2026,0.000359458,16.347,54.08,60.4475,0,42.1054,42.1054,0,42.1054,0,42.8948,42.1054,42.1054,40.0001,78.5966,42.1053,42.1053,0.00819007,48.0029,42.1053,41.0646,42.1054,40.8894,41.1241,41.8805,42.1054,39.0543,0,42.1054,42.1054,42.1054,37.5892,33.1354,0,41.2326,41.8952,23.3997,42.1054,77.61,0,42.1054,0,42.1054,40.0001,0,31.579,62.6581,42.1054,42.1054,41.9839,28.0702,42.1054,0,42.1054,0,0,0,42.1054,0,42.1054,42.1054,0.122451,0,0,41.6099,36.9828,42.1053,0,42.1053,42.1054,42.1054,42.1054,38.2681,0,42.1054,0,39.4048,80.2292,42.1054,
42.1053,42.1053,0,0,42.1053,0,20.6239,41.9443,42.1053,42.1054,0,42.1053,0,0,42.1054,0,29.1726,0,0,42.1053,2.28001,0,33.3394,0,10.8772,40.0001,42.1054,42.1054,0,0,0,41.0388,36.0611,42.1054,0,36.2406,0,42.1054,0,42.1054,42.1054,0.811385,0,42.1054,0,0,0,0,42.1054,0,0.503212,42.1054,33.8513,0,38.1546,0,0,0,0,0,45.0828,42.1053,42.1053,40.0277,30.8785,40.0617,35.4891,3.39369,42.1054,40.0001,0,0,0,42.1054,0,38.9312,0,2.77265,42.1054,42.1053,0,0,42.8948,42.1053,0,6.69316,40.1514,42.1054,42.1054,0,77.6321,42.1054,0,42.1054,0,3.50878,3.50878,42.1054,11.2587,0,42.1054,0,2.10526,38.7797,0,0,0,0,37.0742,42.1053,0,0,0,10.0092,42.1054,0,0,0.34205,0,42.1054,40.0001,0.789474,40.8745,42.1054,0,42.1054,0,0,0,79.0528,40.8089,0,0,0,0,30.708,0,52.716,42.0698,42.1054,34.7369,42.1054,40.0001,38.7157,11.0886,42.1054,42.1054,0,41.5099,64.1041,0,37.4858,12.0176,42.1054,68.0911,70.8384,42.1054,42.1053,29.8596,29.1716,41.6055,0,42.1053,0,42.1053,42.1054,33.7253,45.6141,42.1053,0,16.8985,0,42.1054,41.5429,42.014,42.1053,26.8936,42.1053,36.9173,41.9873,26.114,42.1054,0,1.9076e-08,42.1054,38.5383,42.1054,0,42.1054,77.9865,42.1054,91.2282,40.1331,0,62.9214,42.1054,41.9791,0.48097,42.1054,42.1054,
42.1054,40.453,42.1053,35.5125,52.6317,0,17.5501,42.1053,0,42.1054,0,38.5966,42.1054,0,0,7.68875,0.0841206,38.5966,0,0,42.1054,0,0,12.2491,78.4595,0,42.1054,16.4538,42.1053,38.869,0,3.50878,36.8013,17.5501,42.1054,37.354,42.1053,0,0,40.3394,0,59.2892,0,0,28.7522,0,41.7425,42.1054,0,72.8983,42.1053,25.3139,41.5484,3.29288,2.58162,9.41895,0,40.0381,0,0,0,0,56.4818,0,39.1303,38.5966,42.1054,42.1053,0,42.0343,27.3679,16.4537,0,12.573,42.1054,11.8105,0,0,0,0,39.0003,8.29062,3.50878,0,42.0811,42.1054,0,0,41.3337,38.3191,39.9079,42.1054,42.1054,0,0,13.9527,42.1054,0,41.2728,42.1053,39.1108,41.4298,24.4826,8.4124,42.1054,0,84.1431,0,42.1054,17.8953,0,17.5501,0,32.1495,42.1054,41.986,76.106,0,42.1054,38.9474,0,0,42.1054,41.6647,40.047,0,0.000460848,42.1054,0,3.50878,28.2234,0,0,0,28.6013,41.6658,7.0741,0,0,0,80.6437,0,42.1054,42.1054,42.1054,42.1054,39.9927,40.0322,42.1054,39.343,39.473,0,42.1054,0,42.1053,42.1054,40.5288,42.1054,42.1054,42.1054,42.1054,0,42.1053,42.1053,42.1054,16.5781,0,0,1.82274,20.3584,41.034,42.1053,0,42.1054,42.1054,42.1053,24.3105,65.5687,62.9214,42.1054,0,42.1054,42.1054,42.1054,42.1054,9.69612,61.4304,12.3499,42.1054,42.1054,40.493,42.1054,42.1054,64.0027,42.1054,42.1054,0,42.1054,83.5388,41.693,
0,0,42.1054,79.4053,0.321328,0,40.3393,0,16.6363,0,0,0,0,28.733,56.0829,77.8954,42.1054,0,42.1051,0,42.1053,42.1054,42.1054,38.5177,0.807517,0,0,32.5719,0,42.1054,0,0,17.5501,41.4917,0,0,28.7781,42.1054,42.1054,0,42.1054,0,42.1054,27.0322,42.1054,42.1054,42.1054,42.1054,0,52.6317,42.1054,0,35.7315,0,42.1053,42.1054,0,0,39.7115,39.2452,42.1053,3.50878,35.0133,42.0813,42.1053,42.1054,42.1054,0,0,0,0,37.0017,0,0,42.1054,0,42.1054,42.1054,62.9214,0,25.3481,54.681,38.5966,38.6403,42.0655,0,62.6733,0,19.1354,0,0,36.5828,0,0,0,36.887,42.1053,0,0,87.7195,42.1054,38.5653,9.20742,41.4335,40.0405,42.1054,37.5892,0,0,0,40.97,42.1053,42.1054,42.1054,40.0001,42.1054,41.7545,39.7611,0,80.7019,0,42.1054,0,42.1054,16.6363,41.9071,0,38.8509,10.5656,41.0366,35.6023,40.6456,0,0.789474,40.7872,0,0,0,44.6698,19.1148,42.0094,42.1053,42.1054,41.8687,42.1054,42.1054,40.6593,5.43861,0,0,42.1054,0,2.93621,63.3177,42.1054,0,42.1053,0,58.0697,42.1054,0,35.6421,0,59.017,29.8174,40.5549,42.1054,40.0807,0,0,31.2803,42.1053,15.7208,39.7545,0,71.8812,42.1054,42.1054,41.6055,42.1053,75.4128,42.1054,40.3778,45.6141,4.37747,3.50878,42.1054,40.0001,38.7998,0,42.1054,41.1523,42.1054,42.1054,3.50878,42.1053,42.1054,42.1054,42.1054,31.6145,
42.1053,0,0,0,42.1053,42.1053,11.2587,32.4424,0,0,24.2527,2.10526,1.16959,0,17.5501,30.2882,42.1053,0,42.1054,45.6182,0,18.2347,42.1054,0,0,41.7545,0,0,27.0786,39.2514,0,0,0,40.9466,28.9957,0,48.7871,42.1054,0,39.4351,0,17.5501,0,39.4054,0.944596,42.1054,75.3783,11.8174,0,0,0,27.0786,42.1054,28.4413,17.5501,68.8613,0,0,63.1641,42.1054,42.1054,42.1054,40.422,0,42.1054,31.579,42.1054,0,0,42.1053,42.1054,42.1053,42.1053,8.93371,0,0,42.1054,0,0,0,0,2.76365,55.1933,14.0351,42.1054,0,42.1053,0,42.1054,0,42.1054,38.5966,41.9446,41.7545,0,29.0877,42.1054,0,42.1054,45.6141,0,42.1053,0,15.4682,0,16.6363,0,0,59.0023,42.1054,39.7979,16.3733,42.1054,41.8687,0,0,0,0,42.1054,0,0,42.1053,42.0882,42.1054,42.1054,0,3.50878,0,41.4343,42.1054,20.8285,42.1053,43.9066,39.0849,42.1053,45.6141,42.1054,42.1053,55.1031,42.1054,0,36.0842,42.1054,36.0143,0,0,39.4894,0,84.2107,12.3219,0.0691781,42.0644,44.4442,42.1054,42.1047,2.46575,21.0527,42.1054,42.1054,41.7545,8.94421,0,0,42.2044,0,42.1054,50.0811,42.1054,0,42.5014,0,42.1054,42.1053,42.1054,42.1054,23.6182,40.0001,44.2414,42.1053,42.1053,8.2781,0,17.4665,42.1054,42.1054,0,42.1054,0,42.1054,41.9368,38.5966,84.2107,42.1054,35.0878,42.1053,42.1054,47.3509,26.6557,31.2711,105.221,
0,0,2.71745,0,52.6317,0,42.1054,10.1925,52.6317,0,1.71737e-05,4.72233,0,0,14.9666,0,0,0,0,0,39.3021,0,42.1053,0,0,0,0,0,33.8924,42.1053,42.1054,35.6269,0,24.141,16.6363,0,0,47.3553,42.1054,42.1054,0,0,42.1054,38.5966,0,42.0655,42.1054,14.0351,41.6322,42.1054,0,42.1054,0,40.6551,0,6.45833,0,0,42.1054,0,0.0705593,42.1054,0,42.1054,0,0,38.5966,0,0,0.18704,42.1054,0,42.1054,49.1229,42.1054,0,41.1401,0,0,49.1229,0,0,0,35.9063,0,41.2984,60.8127,0,42.1053,11.858,42.1053,29.2758,41.7133,40.4572,42.1054,44.193,0,0,47.7852,0,0,42.1053,31.5385,42.1053,0,0.594973,10.9274,4.84294e-20,42.1054,42.1054,11.4317,40.4291,42.1054,0,0,42.1053,0,41.9737,0,0,0,42.1054,17.3406,38.0058,50.6213,0,105.211,0,42.1054,0,38.5966,42.1054,12.8115,42.1054,0,3.50967,24.9108,42.1054,45.3765,35.4658,0,0,0.0788424,0,41.7944,0.778392,42.1054,42.1054,39.2648,24.096,42.1054,17.3522,0,42.1053,4.22104,38.5966,0,32.0679,0,41.3554,16.3585,0,42.1054,0,35.0878,39.2415,42.1054,0,42.1053,0,0,42.1053,12.3947,42.1053,39.7716,32.4194,1.96585,42.0631,42.1054,32.5637,42.1054,45.4817,37.256,55.3193,42.1053,26.794,0,40.7044,38.5069,84.2107,72.4496,40.351,35.0878,2.00877,42.522,0,69.6051,42.1053,82.953,3.51001,
0,42.1054,0,0,0,16.6363,0,41.9772,15.7315,0,0,0,3.50878,0,0,3.84386,0,0,42.1054,0,41.7907,42.1054,39.0509,0,42.1054,0.972235,42.1053,42.1054,0,38.0754,42.1054,0,0,33.0649,40.1961,39.7411,0,54.9238,42.1054,42.1054,40.3026,0,43.725,0.179225,41.6765,0,42.1054,0.652933,0,0.0240862,42.1053,42.1053,42.0305,34.2989,35.1272,3.2742e-22,0,20.183,2.76366,12.9761,42.1054,0,40.0001,16.6363,40.5931,0,42.1054,3.50878,42.1054,0,42.1054,0,0.698771,42.0654,0,38.5966,42.1053,38.5966,42.1054,0,0,8.95526,42.1054,0,0,10.5263,0,34.5011,0,0,0,0.53601,42.1053,0.616714,66.5996,41.5274,39.6544,0.470779,0,0,2.2807,0,42.1054,0,42.0479,0,42.1054,42.0366,0,42.1053,0,0,42.1054,15.8525,0,0,84.2107,42.1053,38.0058,39.2415,42.1054,41.9281,41.8107,50.0001,42.1053,36.9579,0.0144821,83.7382,1.62401,35.8918,42.1054,0,42.1054,41.0527,50.433,0,38.0058,40.4572,42.1054,42.0189,42.1014,58.2644,40.6171,16.9066,0,39.7716,42.1053,42.1054,42.0213,42.1053,36.7538,42.1053,42.1053,7.75113,0,42.1054,42.1053,3.50878,0,42.1054,0,42.1054,38.5966,35.5617,38.8572,35.0878,56.4809,3.28426,42.1054,42.1053,45.6139,31.5866,0,40.6303,50.9273,42.1054,0,40.4572,36.253,0,41.6172,38.2869,42.0934,55.0939,40.1755,42.1054,0,45.3841,22.6598,32.4194,34.0445,0,42.1054,0.0186563,4.1993,0.959309,35.0878,41.9922,42.1054,44.0847,
1.00445,0,0,42.1054,39.1126,0.238903,0,42.1054,0,0,0,0,39.9021,2.45614,0,0,0,42.1054,42.1054,0,0,42.1054,0,42.1053,0,59.6439,0,0,0,42.1054,0,39.9021,0,3.50849,42.1054,40.0001,42.1054,0,0,38.2401,6.63255,16.6363,42.1054,0,6.83193e-05,0,42.1054,25.8853,0,0,0,0.0266599,0.424174,0.507434,42.1054,42.1054,42.1054,0,31.8011,42.1054,0,0,39.7283,0,50.3831,0,0,17.5501,25.6816,49.1964,38.489,42.0912,38.7642,42.1054,12.3308,0,0,42.1035,42.1054,42.1052,42.1054,0,0,0,0,42.0747,42.1054,39.3014,42.1054,48.7356,42.1054,21.7495,0,42.0351,1.32545,42.1054,31.3755,3.50878,98.4293,3.33637,42.1053,42.1054,42.1053,42.1053,0,42.1053,28.1055,0,42.1054,44.4215,59.6553,42.1053,0,0,0.0659682,36.9475,0,0,50.5611,0,0.00501882,42.4855,37.0714,42.1054,0,0,54.3671,0.828438,0,41.9964,42.1054,0,42.1053,0,42.1054,22.3401,42.1054,42.1054,0,0,42.1053,42.1054,42.1054,42.1054,3.50878,42.1053,0,17.5119,0,35.0878,39.8289,79.0529,0,0,0.132841,42.1053,42.1054,0,0,17.5501,42.1054,41.6023,42.0572,42.1053,42.1053,0,42.1054,42.1054,42.1053,42.1054,38.5966,0,12.1955,37.8948,3.50878,14.9793,42.2348,28.425,42.1054,0.83329,0,39.3456,66.2486,0,42.1053,42.1054,38.4357,42.1054,41.5299,79.0529,11.6017,40.9958,41.6628,42.0654,42.1054,42.9385,41.888,39.8728,42.1053,42.0654,
0,0,0,0,41.6582,0,0,17.5501,56.474,42.1053,41.6582,0.948643,17.5501,0,0,0,42.1054,0,42.1054,0,42.1054,42.1054,42.1054,14.7965,17.5501,42.1054,49.8971,42.1053,42.1054,0,0,39.2087,13.7155,0,42.1053,42.1053,42.1053,39.4372,42.1053,36.9475,42.1054,84.2106,17.5501,42.1054,42.1054,12.2332,0,0,50.9179,0,42.1054,0,42.1054,42.1054,38.5966,2.22293e-12,0.811385,3.50839,0,42.1054,3.07247,83.1641,2.01296e-07,10.5263,58.7416,0,28.8507,42.1053,0,0,40.3327,42.1054,26.5928,33.8305,50.789,15.6421,0.812578,0,0,42.1054,41.9523,0,81.5229,0,1.1612,19.6444,42.1054,42.1054,0,42.1054,0,14.8045,40.2379,0,42.1054,42.1054,1.36902e-22,0,42.1054,0,42.1053,0,42.1054,57.2323,42.1054,42.1054,0,82.4446,42.1054,0,42.1011,0,42.1054,45.1712,42.1054,0,38.1152,0,0,42.1054,42.1054,16.0379,2.10526,0,31.3855,0,47.9828,42.1053,0,4.8722,0,38.0111,42.1053,42.1053,42.1054,42.1053,0,0,42.1054,0,0,40.1755,1.05263,42.1054,42.1054,32.8311,42.1053,41.9877,42.1054,42.1054,42.1054,24.9776,0,42.1054,41.2073,41.9299,0,3.50878,0,42.1054,42.1054,40.79,0,24.2995,43.5392,42.1054,42.1053,42.1054,40.2252,42.1054,12.7208,0,42.0903,42.1054,0,42.1054,40.6316,0.022566,8.19014,0,42.1053,35.8473,0,42.1054,40.6668,0.111551,42.0594,0,42.1053,42.1054,0,4.55275,42.1053,39.7487,42.1054,3.50878,42.1053,84.2107,36.3741,42.1053,
42.1054,42.1054,42.1067,72.5443,0,0,0.0025936,0,42.0703,0,42.1054,42.1053,42.1054,0,42.1054,0,0,0,0,42.1054,40.3334,41.5671,0,42.1054,0,42.1054,0,0,42.1054,17.4586,0,0,42.1054,0,42.1054,42.1054,0,0,42.1054,0,0,3.50813,0,42.1054,42.1025,0,0,0.26273,0,0,42.1053,0,0,38.5966,17.5501,42.1054,42.0813,0,0.459845,40.012,0,0,37.4015,0,42.1054,0,42.1053,42.1054,0,0,0,0,0,0,82.3897,42.1053,41.5855,42.1054,0,42.1053,1.17265,0,0,42.1054,42.1054,36.9475,51.2327,40.1882,28.733,10.5263,0,42.1054,40.3393,36.9475,33.5088,42.1054,42.1054,42.1053,80.7019,3.53342,40.0001,40.666,0,80.7019,42.1054,49.6032,0,2.51299,0,42.1053,17.5501,0,10.6205,42.1053,41.237,42.1053,42.0903,42.1054,39.0984,42.1054,42.1054,42.1053,42.1054,40.195,0,49.8246,42.1054,42.0903,0,42.1054,42.1054,2.16244,0,27.7796,0,0,39.1478,0.619962,38.5965,0,42.1054,42.1054,42.1053,15.0219,42.1054,8.00336,42.1054,42.1053,0,42.1054,0,0,42.1054,42.1054,26.0263,42.1054,42.1054,42.1054,42.1054,42.0968,0,42.1054,42.1054,16.6726,0,42.1054,0,0,42.1054,42.1054,42.1054,0.175632,42.1054,42.1054,42.1054,17.5501,42.0921,0,42.0903,42.1054,5.40934,42.1054,0,42.1054,42.1053,42.1054,42.0844,42.1053,42.1054,42.1054,40.0001,42.1054,42.1053,42.1054,42.1017,0,42.1054,42.1054,42.1053,42.1054,
0,41.5778,0,0,0,0,0,3.38345,36.4276,0,35.3745,37.2763,42.1054,0,42.1054,42.1053,0,0,42.1054,0,0,42.1054,42.1054,0,0,0,0,42.1053,38.5966,3.50859,0,33.6605,0,0,42.1054,42.1054,0,0,27.7438,0.537027,0,0,0,0,0,0,0,0,30.1045,0,42.1054,38.5966,0,39.8994,42.1054,0,72.6094,42.1054,0,42.1054,23.8694,42.1054,35.5945,42.1053,0,42.1053,62.0729,0,42.1054,0,0,0,42.096,42.1053,0,3.3717,41.9848,0,42.1054,0,42.1054,0,42.0903,0,42.1054,42.1054,24.1754,38.6322,42.1054,17.0318,38.5966,20.191,0,40.9513,42.1054,42.1054,42.1054,42.1054,40.8384,42.1053,0,42.1054,0,0,42.1053,0,42.1054,0.961972,0,0,0,0,42.1054,42.1054,0,42.1053,42.1054,2.76366,3.50878,42.1054,41.579,80.7019,2.10526,0,42.1053,39.5444,42.1054,42.1054,42.1054,41.8716,40.3394,0,42.1054,42.1054,0,42.0941,53.3015,45.5431,16.6363,42.1053,42.1054,1.00596,26.7807,0,42.1054,0,42.1054,42.1054,42.1054,42.1054,42.0952,36.2741,39.6004,38.9474,39.9858,0,42.1054,0,42.1054,0,42.1054,42.1054,16.2282,42.1053,42.1054,42.1053,42.1054,42.1054,3.50878,42.1054,42.1054,0,42.1054,42.1054,1.53495,38.0001,39.4726,1.84738,44.8244,42.1054,42.1054,42.1054,42.1054,42.1053,42.1054,40.3831,42.1054,0.820137,9.47369,42.0905,45.6141,29.1898,0,38.8019,39.2711,42.1054,42.1054,42.1053,39.386,42.1054,
0,42.1054,1.49894,0,42.1054,0,42.1054,0,42.0903,42.1054,2.38597,42.1054,42.1054,0,42.1054,0,42.1054,0,42.1054,0,39.078,0,37.8798,42.1054,42.1054,9.72124,0,38.5966,0,38.5966,41.1313,42.1054,60.036,33.4985,42.1053,0,0,0,40.5439,0,0,0,0,42.1054,42.1054,0,0,42.1054,17.5501,42.103,0,0,42.1054,0,19.9582,0,33.5973,0,42.1053,2.97706,0,0.0150333,42.1054,28.647,42.1054,0,42.1054,0,42.1054,42.1054,42.1054,41.9562,0,0,2.10526,42.1054,42.1054,0,42.0443,0,42.1054,40.0001,7.03868,0,0,39.7982,42.1054,0,42.1054,42.1032,0,3.50878,0,0,42.1054,42.0751,0,42.1054,0,42.1054,39.1543,42.1054,41.5404,38.9474,0,0,42.1054,40.0001,8.76852,42.1054,42.1053,42.1054,42.1053,42.1054,42.1053,0,42.1054,0,42.1054,0,42.1054,0,0,42.1054,42.1054,0,0,38.5966,42.1054,42.1054,42.1054,0,0,0,0,0,42.1053,0,0,42.1054,0,42.1054,0,0,42.1054,0,42.1053,38.7445,42.1054,42.1054,0,55.7593,0,42.1054,42.1054,3.01109,42.1054,42.1053,3.50878,42.1054,1.18163e-19,42.1054,38.5966,42.1054,41.3628,0,42.1054,0.0267664,29.28,42.1054,0,0,42.1054,42.1054,0,29.4912,42.1053,42.1054,80.7019,0,36.9475,42.1054,0,40.8997,38.0527,0,42.1054,42.1054,42.1053,42.1053,40.9443,42.1054,31.3629,0,42.1053,42.1054,42.1054,42.1054,42.1053,42.1054,
0,0,0,0,0,0.811385,0,75.1701,32.3947,3.50737,42.1054,0,42.0109,0,42.1054,42.1053,0,42.1054,42.1054,0,0,42.1054,0,42.1054,0,42.1054,42.8041,0,42.1054,0,42.1053,1.40408e-24,42.1054,42.1054,0,0,0,0,0,3.50878,3.50878,42.1053,42.1054,0,0,42.1054,0,0,42.1054,0,42.1054,3.50878,19.303,0,0.175439,0,2.10526,42.1054,42.1053,42.1047,37.6657,0,42.1054,42.1053,17.5501,0,0,42.1054,42.1054,0,0,0,0,40.0987,36.43,36.5363,0,42.1054,42.1053,0,42.1054,1.91376,40.7018,0,42.1053,42.1053,1.16959,42.1054,0,0,0,0,42.1054,42.1053,42.1053,0,0,39.914,42.1054,17.5501,40.2511,0,42.1054,38.5966,0,0,42.1054,42.1054,1.33816,41.3334,42.1054,0,42.1054,0,42.8948,0.0415284,39.0789,0,0,42.1054,1.05956,0,0,0,42.1054,0,42.1054,0,42.1054,45.6141,21.0527,0,0,42.1053,16.9567,0,42.1053,0.237532,42.1053,2.05263,25.1249,42.1054,42.1053,39.3942,0,0,0,58.7416,28.6994,0,38.5966,37.0779,30.8104,0,42.1053,0,42.1053,42.1053,42.1054,42.1054,42.1054,42.1053,0,38.5966,9.85267,42.1054,39.8652,0,42.1054,0,0,42.1053,42.1054,0.635542,3.44557,37.7018,17.5501,0,42.1054,42.1054,0,0,40.9798,42.1054,42.1053,2.40806,0,0.584442,0.265261,42.1053,42.1054,41.0527,0.0905181,31.6252,40.5439,42.1054,0,42.1054,42.035,42.1054,
34.0117,42.1054,3.50803,39.1231,42.1053,42.1054,4.0217,0,0,0,42.1054,40.2241,0,0,0,42.1054,0,0,0,0,21.857,0,42.1054,0,0,0,0,30.5264,30.8104,0,40.4296,42.1053,42.1054,39.9293,0,0,0,42.1054,38.5966,42.1053,42.1053,0,42.1054,42.1053,40.0001,32.0731,0,42.1054,1.1969,0,17.5501,42.1054,42.1054,42.1054,0,42.1053,42.1053,0,0,42.1053,42.1054,42.1057,40.0001,0,42.1054,0,37.8948,2.10526,36.6668,0,42.1054,0,42.1054,42.1053,0,0,0,0,42.1053,2.10526,38.5966,2.27204,0.000701798,0,38.5966,42.1054,40.0001,42.1054,3.50878,42.1054,42.1054,0,0,39.3803,39.7006,42.1054,40.5439,42.1054,42.1054,41.9299,42.1053,0.0185851,40.0001,0,42.1054,0,5.45699,40.0001,31.892,41.9745,40.0001,0,0,42.1054,42.1054,40.1032,37.2678,0.988668,0,40.5521,38.5966,0,42.1054,0,2.10526,0,42.1054,3.40284,42.1054,8.09734,42.0474,42.1053,37.1113,42.1054,2.10526,42.1054,42.1054,42.1053,42.1054,42.1054,42.1054,42.1054,0,38.3462,42.0773,45.608,42.1054,42.1054,41.6085,0,0,0,42.1054,2.3989,42.1053,42.1054,0,40.9864,42.1054,42.1054,41.2445,42.1053,3.50878,42.1054,2.10526,0,42.1054,0,0,2.32878,42.1054,0,42.1054,0,45.6141,0.717281,42.1054,40.9794,42.1053,40.0001,2.06069,2.21218,42.1054,42.1054,40.1918,42.1054,42.0312,42.1054,17.5501,0,42.1054,42.1054,42.1054,42.1053,42.1054,0,42.1053,42.1054,0,35.0878,
0,42.1054,0,0,35.0619,42.1054,0,42.1054,0,14.2336,42.1054,42.1053,0,42.1054,38.9973,0,0,42.1053,0,0,42.1054,42.1054,40.5063,42.1053,42.1053,0,42.1054,41.7032,39.979,38.9215,40.0001,19.2967,0,42.1053,42.1054,0,42.1054,42.1054,0,41.9299,0,42.1054,42.1054,0.311616,42.1054,37.1931,0,42.1053,2.38396e-05,22.4364,0,17.6458,40.0001,34.4585,38.5475,0,42.1054,0,42.1053,38.5966,42.1053,42.1053,42.1054,42.1053,0,42.1054,40.0001,0,0,0,79.4762,0,0,8.19049e-06,0,42.1053,42.1054,0,42.1054,0,0,42.1054,0,40.5568,0,42.1054,42.1054,40.0001,0,42.1054,42.1054,42.1054,42.1054,0,42.1054,0,42.1054,0,0,42.1054,0,42.1054,42.1054,42.1054,0,43.3334,42.0796,42.1054,45.608,0,42.1054,42.1054,36.8148,42.1054,0,37.7469,42.1054,0,0,0,40.0001,42.1054,42.1054,0,42.1054,42.1053,37.1493,0,0,38.5966,42.1054,42.1053,56.1404,42.1054,38.5966,0,40.8773,41.8424,40.0001,10.5263,0,39.8126,42.1053,0,42.1054,16.5836,0,0,42.1054,38.6081,42.1054,38.5966,0,0,42.1054,40.8678,42.1054,42.1054,42.1054,42.1054,42.1054,41.4036,42.0456,1.90671,40.0001,42.0552,39.3541,42.1054,42.1053,34.6743,0,38.5966,0,45.6028,42.1054,0,40.0001,42.1054,42.1054,42.1054,0,38.5966,41.4155,42.1054,42.1054,13.2193,0,40.7885,42.1053,42.1054,42.1054,42.1054,40.0001,40.0001,0,42.1054,42.1054,42.1054,42.1053,40.0001,
0,0,42.1054,42.1054,0,0,17.5502,0,40.0001,33.6253,42.1054,42.1054,17.5501,39.999,0,30.2083,0,42.1053,42.1053,0,42.1054,42.1054,0,32.8647,0,42.1054,0,42.1053,0,39.0354,0,2.10526,0,25.8389,42.1053,42.1053,0,42.1054,42.1054,0,42.1054,0,42.1054,72.2613,42.1053,42.1054,0,42.1053,42.1054,42.1054,0,42.1054,25.9211,42.1054,42.0743,42.1054,0,42.1054,40.0001,41.3326,0,0,0.636511,42.1054,0,42.1054,34.1558,0,42.1054,42.1054,42.1054,27.7459,0,0,41.9692,42.1054,42.1054,0,0.103955,0,0,0.995637,42.1054,0,0,42.1053,38.5966,42.1054,42.1054,0.162773,42.1053,0,42.1054,42.1054,0,0,41.2942,0,11.1106,42.1054,42.1053,42.1054,0,42.1054,0,42.1054,0,1.87517,41.7896,42.1053,42.1054,25.348,42.1054,41.2942,42.1053,42.1054,40.1918,42.1054,42.1054,0,42.1054,42.1053,42.1054,0,0,45.6141,42.1054,37.8948,40.0001,41.8741,42.1054,39.0134,0,42.1053,41.7592,0,41.4036,40.0031,42.1053,42.1054,0,23.7187,38.5966,3.57694,0,42.1054,40.0001,0.155425,42.1054,42.1054,38.5966,38.4228,42.1054,42.1054,42.1054,40.8327,0.758815,0,42.1054,0,0,42.1054,42.1054,0,42.1054,41.7688,39.6189,41.8335,38.2249,0,39.979,42.1054,42.1054,42.1054,42.1054,42.1054,39.6481,42.1054,42.1054,42.1053,43.3334,42.1054,42.1054,42.1054,81.3468,4.86914,0,3.70067,42.1054,40.0001,0,42.1054,42.1054,42.1054,0,42.1054,40.0001,42.1054,42.106,37.9491,
42.1054,0,0,0,0,42.1054,42.1054,0,42.1053,0,0,42.1054,26.1902,42.1054,0,0,42.1054,42.1054,0,0,42.1054,2.79535,42.1054,0,42.1054,42.0355,0,0,0,0,42.1054,0,0,0,39.4738,0,45.1404,0,0,42.1054,0,0,0,0.138697,42.1054,0,3.50878,0,0,0.00563371,42.5192,42.1054,42.1054,42.1054,0,39.0354,42.1054,42.1054,42.1054,56.431,0,0,37.7732,0,42.0548,41.3592,42.1054,42.1054,0,0,0,0,0,0,0,42.1054,0,0,1.88249,0,42.1054,0,0,39.9802,42.1054,0,0,42.1053,0,36.4971,5.75027,42.1053,39.0354,26.4912,42.1053,0,0,38.9402,0,0,39.9748,0,42.1054,18.5772,42.1054,0,42.1054,1.56838,0,0,0,42.1053,0,40.0001,42.1054,42.1054,42.1054,39.2347,42.1054,42.1054,42.1054,42.1053,39.6905,0,42.1054,42.1053,0,29.7306,39.8422,31.7846,0,40.351,39.5631,0,42.1054,42.1054,39.9993,40.1032,41.8988,0,0,42.1053,42.1054,0,0,1.70515,0,39.3632,42.1054,41.1046,41.1248,40.5182,23.7549,42.1054,42.1054,0,42.1054,3.33334,42.1054,42.1054,42.1053,40.8103,0,42.1054,0,0,42.1054,39.7794,0,42.1054,33.6198,42.1054,42.1054,42.1054,42.1054,42.0352,42.1054,45.6141,39.6843,42.1054,42.1054,40.0001,42.142,0,38.8231,42.1054,42.1053,0,40.0001,42.1054,42.1054,0,0,42.1054,42.1054,46.8412,42.1054,0,41.9299,3.50878,
0,42.1054,42.1053,41.8517,42.1054,39.1231,0,42.1054,42.1054,0,0,42.1054,0,42.1053,0,42.1054,0,0,0,42.1054,38.6322,42.1054,42.0792,42.1053,0,29.8188,26.0503,0,42.1054,42.1053,3.50878,0,42.1054,0,0,0,42.1054,42.1053,0,28.4294,42.1054,42.1054,42.1054,42.1054,42.1054,42.1054,42.1053,8.16667,0,42.1054,42.1053,0,42.1054,0,42.1053,41.1727,0,2.27163,42.1054,42.1054,0,21.5305,63.158,42.1054,0,0,58.3295,42.1054,0,0,42.1054,0,41.9729,42.1054,0,42.1053,0,42.1054,42.1054,42.1054,42.1054,42.1054,41.8733,40.0001,42.1054,40.1465,42.1053,23.7968,2.50475,0,42.1054,41.45,38.5966,42.1054,0,40.0001,23.6404,0,41.1933,0,2.57582,41.1925,42.1054,42.1054,42.1054,42.1053,42.1053,42.1054,40.5867,0,42.1054,42.1054,42.1054,42.1053,25.8079,1.28824,3.70768,42.1054,42.1054,0,4.51553,0,37.6997,0,0,0,42.1054,4.35375,41.8497,42.1054,42.1054,42.1054,0,0,35.0439,10.7719,0.93503,42.1054,42.1054,38.5966,42.0899,0,11.6948,42.1054,42.1054,42.1054,42.1054,0,42.1054,0,36.6335,42.1054,42.1053,41.8988,0,42.1053,18.7414,42.1054,2.25775,4.3158,37.8671,0.000422355,45.6141,0,0.0356102,36.6878,42.1054,45.6141,33.1618,1.87719,42.1054,0,42.1054,26.7948,41.2944,28.4123,2.10526,14.7369,42.1054,40.629,0,42.1054,3.50821,42.1054,42.1053,0.257857,42.025,42.1054,0,42.1054,0,0,42.1054,40.1214,45.6141,42.1054,42.1054,42.1054,57.544,42.1309,
42.1054,42.1054,42.1054,0,2.77719,42.1054,0,42.1054,0.519921,42.1053,0,42.1054,42.1053,0,42.1054,11.1106,0,42.1054,42.1054,42.1054,0,0,42.1054,0,0,0,3.50878,0,0.870775,0,41.1933,0,40.0001,0,42.1054,0,0,41.4717,42.1054,0,19.2498,42.1054,42.1054,42.1054,40.9736,42.1054,0,0,0,42.1054,42.1054,42.1054,42.1054,41.201,0,17.5501,0,0,42.1053,3.50878,40.0001,40.0001,0,42.1053,42.1054,42.1054,3.50752,0,42.1054,0,0,0,42.1054,42.1054,0,0,42.1054,41.579,0,41.8874,0,0,0,42.1053,41.9299,2.98246,41.9357,42.1053,42.1054,42.1054,0,0,42.1054,0,42.1054,42.1054,42.1054,42.1054,42.1054,34.8183,42.1053,42.1053,42.1054,42.1054,41.1947,18.5246,0,42.1054,1.40976e-11,7.90093,42.1054,42.1054,42.1054,42.1054,0,40.0001,42.1054,39.9617,42.1054,42.5003,38.5966,42.1053,41.9719,42.1054,31.579,42.1053,42.1054,41.1933,0,0.363419,0,42.1054,42.1054,0,28.7665,0,42.1054,0,42.1054,42.1053,0,42.1054,45.351,42.1054,38.9547,42.0076,42.1054,42.1054,42.1054,0,32.1119,42.1054,0,0,42.1054,0,2.48148,42.1054,42.1054,36.8651,0.771533,42.1054,41.9949,18.5362,0,40.0001,0,41.8142,42.1054,42.1054,23.7682,5.36063,42.1054,14.9176,42.1054,42.1054,42.1054,0,42.1054,42.1054,0.175439,42.0875,41.1668,66.9354,0,42.1054,42.1053,0,42.1054,42.1054,42.1054,0,31.2793,39.412,42.1054,42.1054,42.1054,15.2635,42.1053,0,
0,38.0225,38.5966,0,38.5966,0,0,42.1054,16.8777,0,0,0,42.1054,0,0,16.1596,0,16.1403,0,0,49.1229,40.4521,0.235686,0,42.1054,0,42.1054,42.1054,42.1054,0,0.789474,0,0,2.10526,7.27194,0,0,42.1054,0,38.5966,42.1054,0,42.1054,41.5583,37.9983,0,42.1054,0,38.3608,39.5081,0,0,0,39.5671,42.1054,4.94028,0,41.7545,0,42.1054,42.1054,42.1054,38.9474,41.764,0,0,40.9236,31.579,0,42.1054,0,0,42.1054,36.9475,38.5966,42.1054,34.9401,40.9906,0,0,0,42.1054,0,0,42.1053,41.3306,0,38.9026,42.1054,38.8229,42.1054,0,0,0,42.1054,0,42.1053,42.1054,7.28711,23.6634,0,1.26153,42.1054,41.8949,0,42.1053,35.0878,42.1053,42.1054,0,0,42.1054,24.2967,24.2527,42.1053,42.1054,42.1054,42.1054,0,42.1054,35.3673,32,28.0702,5.03346,42.1054,0,0,42.1053,42.1054,42.1054,0,0,0.000321034,42.1054,41.9299,42.1054,0,42.1054,42.1054,10.8153,0,42.1054,42.1054,41.4821,42.1053,42.1054,0,42.1054,0,42.1054,42.1053,0,0,41.4717,42.1054,42.1054,42.1054,42.1054,39.6617,42.1054,0,0,0,9.56898e-05,42.1054,35.0878,0.0587888,42.8041,39.3538,84.2107,40.9216,41.8896,33.5169,36.6668,21.5293,37.8127,42.1054,0,3.0451,42.1054,77.8781,42.1054,42.1054,18.429,42.0001,42.1054,42.0681,0,42.1054,38.5966,25.4866,0,0.219454,42.1054,41.9894,42.1054,42.1054,42.1054,27.4544,42.1054,
16.6363,0,0,80.0001,0,0,0,1.62169,84.2107,0,0,0,38.5966,0,0,1.96971,42.1054,42.1053,0,0,0,0,0,31.4428,18.3928,0,41.2279,0,38.9948,42.1054,19.8023,40.0001,42.1054,38.9387,0,27.5871,0,0.916713,42.1053,12.919,0,0,0,42.0273,40.0001,42.0001,0,0.284946,32.5129,8.53378e-16,23.4238,38.5966,42.0703,40.2946,0,0,79.2564,40.1624,42.1054,42.1054,42.1053,42.1054,37.8798,42.1053,0,42.1054,42.1053,42.1054,42.1053,42.1054,42.0001,34.4404,0,0,0,0.340768,13.7602,41.965,0,0,42.1054,3.16499,38.5966,41.6755,0,42.1054,0,0,42.1054,40.7019,0,34.4606,63.158,40.0001,9.6254,3.66434,0,35.0878,10.7017,0,6.68342,42.1054,42.1054,42.1054,42.1054,11.829,4.29147,42.1054,0,42.1053,42.1054,42.1054,42.1054,82.4447,42.1054,42.1054,42.1053,42.1054,42.0001,0,42.1054,0,42.1054,42.1054,0.0121699,0,45.6138,0.00474074,40.0001,41.9299,0,52.6317,0,0.703906,0,40.0001,18.342,42.1054,0,42.1054,21.6963,0,29.1382,0,42.1054,40.0001,14.8645,42.1054,0,42.1054,0,0,42.8948,11.1678,40.0001,1.0068,9.91536,0,42.1054,0,42.1054,42.1054,42.1053,40.0001,42.1054,41.5227,42.1054,0,3.14839e-12,42.1054,45.6136,42.1054,42.1054,41.2852,42.1054,1.3703,0,42.1054,40.0001,0,42.1054,42.1053,42.1054,0,0,3.50878,3.50821,42.1054,66.5261,42.1054,0,42.1054,0,1.28018,42.1054,0,42.1054,42.1054,42.1054,0,
42.1054,0,5.35396e-06,40.3459,41.7983,11.1867,0,42.1054,0,0,19.9414,10.9524,9.7746,41.8431,40.0001,42.1054,41.4501,42.1054,42.1053,40.0001,42.1054,0,42.0878,0,38.0436,42.1054,40.0001,42.1054,42.1054,41.229,42.1054,42.1054,38.2457,0,42.1054,41.2763,2.17409,41.965,42.1053,42.1054,0,0,42.1053,1.57487,42.1054,42.1054,0,41.7377,42.1054,0,0,52.6317,0,42.1054,41.5026,35.0878,38.772,0,42.1054,39.2007,42.1054,42.1054,42.1054,0,42.1054,2.77763,52.6317,42.1053,51.3729,42.1054,42.1054,38.5966,42.1054,42.1053,35.9554,42.1054,0,42.1054,38.5966,0,0,0,42.1054,42.1054,43.1186,0,42.1053,42.1054,48.8293,42.1054,42.0001,2.55137,0,0,40.0001,41.6755,42.1054,0.000703236,42.1054,0,42.1054,39.196,35.0878,0,0,42.1053,42.1054,42.1054,42.0001,0,0,0,42.1054,37.3929,0,16.1503,17.5501,42.1054,0,42.1054,52.6317,33.6191,0,36.9475,42.1054,0,42.1053,0,0,42.1054,2.80702,29.9966,0,42.1054,42.1054,42.0997,42.1054,0.0205577,42.0001,42.1054,41.8797,42.1054,0,40.2018,42.1054,0,0,42.1054,2.33753,38.772,0,42.1054,40.0257,34.0092,42.1054,0,83.786,42.1054,42.1053,42.0865,39.179,42.1053,42.8948,42.1054,45.6128,48.4581,40.0001,0,42.1054,0.443874,42.1054,42.1054,38.5966,42.1054,0,0,42.1054,42.1054,36.9475,39.6385,43.8565,40.0001,41.9299,42.1054,42.1054,42.1054,0,42.1054,42.1053,42.1054,42.1054,36.7328,38.5966,0,0.27807,0,0,9.62049,42.1054,42.1054,
40.5897,42.1053,0,0,23.4876,0,0,29.139,42.1054,0.0614035,0.398187,0,24.8478,42.1053,0,0,0,42.1053,42.1054,42.1053,0,42.1054,42.1054,0,23.4265,42.1054,0,0,42.1054,42.1054,0,42.0127,42.1054,1.1671,36.6668,42.1053,42.1054,0,42.1054,39.1229,2.10526,42.1054,0,0,0,40.0001,39.1848,40.0001,0,1.29464,42.1053,0,42.1054,0,0,0,42.1054,0,42.1054,0,42.1053,42.0001,0,42.1053,42.1054,0.125906,42.1054,0,0,0,0,0,42.1054,42.1054,42.1054,0,0,16.4852,42.1054,40.0001,0,0,42.1054,0,0,12.3635,42.1053,1.55438,0,0,42.1054,42.1053,0,0,40.9541,0,42.1054,0,42.0103,42.1054,0,42.1054,0,42.1054,32.0054,42.1054,0,5.19696,39.4848,0,0,0,52.6317,0.322398,40.0001,42.1054,42.5817,42.1054,0,0,0,42.1054,42.1054,41.7503,42.1054,41.4236,38.9927,0,42.1054,0,37.3929,40.3683,42.1054,38.5966,42.1054,0,0,43.9787,42.1054,20.9474,42.1054,38.5966,42.1054,42.1054,0,0,42.1054,42.1097,42.1054,42.1054,21.2623,0,42.1054,0,0,42.1054,42.1054,0,4.70407e-38,0,3.50839,0,42.1054,42.1054,42.1054,42.1054,35.0878,42.1054,0,0,31.9846,36.0191,0.317244,0.431212,18.243,42.0001,42.1053,40.1668,40.0001,0,0.079351,70.351,42.1054,42.1053,3.50878,42.1097,42.1054,0,41.911,42.1054,0,42.1054,42.1054,42.0377,0,52.6317,40.1668,42.1054,40.351,42.1054,
0,42.1054,0,0,0,40.0001,42.1054,23.6672,42.1054,42.1054,0,0.166667,0.194158,0,0,42.1053,0,1.22716,0,0,0,0,0,42.1054,0.142321,0,0,0,42.1054,42.1054,0,0,42.1054,0,0,0,42.1054,0,42.1053,0,42.1053,0,42.1053,40.648,35.0878,42.1054,0,0,42.0296,31.2884,40.0001,0,0,36.6668,0,42.1054,42.1053,28.4767,0,0.789474,36.0264,0,42.1054,30.1207,0.814658,42.1054,41.9016,0,42.1053,42.1054,17.3104,15.7919,42.1054,0,0,2.31236,0,0,80.7019,42.1053,0,0,0,41.8994,39.4588,42.1053,0,42.1054,0,0,28.0702,42.1054,0,41.2977,42.1054,0,29.0203,41.9946,3.50878,42.1054,41.8077,42.1053,42.1054,45.6141,0,42.1054,41.0527,17.4222,0,42.1053,0,0,42.1054,0,42.1053,39.2394,42.1054,1.58808,0,0,8.72378,83.7849,0,42.1054,32.9372,0,0,44.869,40.0001,42.1054,41.7298,0,0,0,42.1054,0,0.0175241,0,41.6589,52.6317,42.1054,0,0,42.1054,42.1054,0,38.681,27.1966,37.5439,37.8495,42.1054,43.8474,17.5439,42.1054,42.1054,41.5297,42.1054,37.4761,42.1054,42.1054,0.789474,42.1054,0,42.1054,40.0001,0,38.4212,42.1054,0,40.0001,42.1054,42.1054,0,42.1054,42.1054,24.9123,0.114022,40.7984,0,0,41.5936,0,52.6317,0,42.1053,78.7,37.8495,42.1054,42.1097,42.1053,1.50595,42.1054,42.0718,40.7835,42.1054,52.6317,0,40.0001,42.1054,42.1054,
1.72425,42.1054,0,0.642137,40.0001,0,3.50859,0,4.16075,42.1054,0,42.1054,42.1017,0,42.1054,0,0,42.1054,42.1053,42.1054,42.4267,40.0001,42.1054,28.1228,42.1054,30.4315,39.4263,42.1054,8.67267,0,0,39.5752,0,0,45.6141,20.8229,41.8992,42.1054,3.24347,15.6333,42.1054,42.1053,42.1054,0,0,42.1053,45.6141,0,0,23.7357,0,0.107501,30.9031,0,42.1054,42.1054,42.1054,42.1054,0,42.106,0.463658,42.1054,42.1054,42.1053,0,0,42.1053,0,5.57151,42.1053,42.1054,42.1054,42.1054,42.1053,0,42.1054,42.1054,42.1054,42.0075,0,0,0,0,42.1054,42.1053,0,41.6796,14.6218,42.1053,42.1053,2.10526,0,0,42.1054,38.5966,42.1054,42.1054,42.1053,39.7192,0,0,7.55539,42.1054,0.0991169,42.1054,0.013486,42.1054,42.1054,0,14.7888,42.1053,41.6118,42.1054,42.1054,41.653,42.1053,0,42.1054,0,3.50878,42.0826,0,0.0594147,42.1053,42.723,42.1054,0,40.3393,42.1053,41.6692,42.1054,42.1054,42.1054,42.1054,0.698771,42.1054,38.5966,42.1054,1.50055,0.164585,0,41.7972,38.8974,2.28088,42.1054,42.1054,42.1054,3.00089,42.1053,0,2.94627,42.1054,0,17.5501,0,0,41.9299,41.6655,40.0001,40.9466,42.1054,0,42.1054,41.8479,0,42.1054,0,42.1054,0,40.0001,42.1054,43.9436,25.8292,0,42.1054,41.9652,42.1053,38.8265,42.1054,50.3673,0,41.9556,42.1054,0,42.0019,42.1054,3.33334,42.1054,42.1054,42.1054,40.8735,75.9756,42.1053,0,39.8896,42.1054,41.3685,80.4244,40.0001,41.0527,
0,40.0001,0,0,0,0,0,40.0001,3.50878,0,0,42.1054,0,0,0,0,0,21.0527,0,0,21.2961,42.1054,0,42.1053,0,0,0,42.1054,38.5966,0,23.7682,0,0,42.1054,52.7202,42.1054,42.1054,33.4359,38.9279,0,0,42.1053,0,0,42.1054,0,0,42.1053,0,0,0,0,42.0358,0,42.1054,0,0,38.5966,42.1054,0,42.1053,0,42.1054,0,42.1054,42.1054,41.9791,42.1054,47.3367,42.1054,42.1053,0,0,0,0,0,0,0,0,40.0001,42.1054,41.577,42.1054,42.1054,42.1054,40.3393,52.6317,35.0878,0,42.1054,3.22051,0,3.50878,2.58939,0,42.1053,0,41.6892,0,0,40.0001,2.58162,0.531073,42.1054,0,0,0,0,5.4075,0,42.1053,3.50878,39.8851,3.50878,0,42.1054,0,0,42.1054,38.5966,42.1053,0,0,42.1054,42.1054,42.1054,42.1054,30.8934,0,42.1054,42.1054,5.56916,0,0,42.1054,15.7317,42.1054,42.1054,0.0174694,40.0001,0,0,38.4609,1.01798,42.1054,0,0,42.1054,42.1054,3.50878,10.3719,42.1054,0,42.1054,42.1054,0,84.2107,0,3.50878,26.3665,0,0,0,42.1054,0,0,42.1054,42.1053,0,42.1054,42.1054,42.1053,2.78345,0,42.1054,84.2107,42.1054,42.1054,42.1054,42.1053,0,23.1567,42.1054,0,42.1053,42.1054,42.1054,42.1054,0.000214436,6.73009,42.1053,42.1054,42.1054,42.1054,42.1054,0,42.1054,42.1054,38.5966,42.1054,
17.5501,42.1054,39.8017,9.01361,0,0,47.224,42.1054,0,38.5966,42.0573,0,0,42.1054,80.7019,39.8982,0,42.1054,0,42.1054,38.5966,3.50878,0,0.811385,25.8229,0,42.1054,45.6141,42.1054,2.31159,0,0,68.937,42.1054,42.1054,42.1054,0,41.4802,42.1053,0.616714,0,42.1054,42.1054,0,28.7719,0,42.1054,0,0,42.1054,42.1054,0,42.1054,0.155381,39.8518,0,2.74281,13.2321,42.1054,0,39.32,0,0,42.1054,42.1054,0.551865,42.1053,39.999,42.1054,0,0,40.3884,40.0001,42.1054,30.7088,0,40.0001,0,0,0,0,40.0001,0,42.1054,42.1053,39.8321,0,3.22051,41.9014,41.9851,42.1053,0,0,40.8139,0,0,4.21053,0,0,42.1054,0,2.10526,42.1054,41.6732,42.1054,42.1054,42.1054,42.1054,0,0,0,0,42.2047,0,0,42.1054,42.1054,17.7936,59.6554,52.6317,42.1054,40.0001,0,0,0,42.1053,84.2107,0,0,42.1054,42.1054,40.6734,42.1053,42.1054,42.1054,42.1053,41.5827,18.4897,42.1054,40.0001,42.1053,0,0,42.1054,2.0351e-12,40.5264,38.5966,0,42.1054,42.1054,42.1054,0,0,42.1054,42.1054,0,0,42.1054,0.0632368,0,40.0001,0,0,42.1054,0,42.1054,42.1053,0,0,0,0,42.1054,40.0001,42.1054,38.5966,0,42.1054,38.5966,42.1054,42.1054,40.0001,0,0,0,40.0001,0,42.1053,42.1054,42.1054,0,42.1053,1.83594e-05,39.9963,0,42.1054,42.1054,0,42.1054,0,42.1053,
0,0,42.1054,0,29.8639,42.1053,0,40.0001,0,39.1231,0.000111035,42.1054,42.1054,0,0,0,0,3.50878,42.1054,41.8035,42.1054,0.813841,50.0001,0,0,0,42.1054,0,42.1054,49.8875,40.9626,35.0878,42.1053,38.5966,0,0,0,0,42.1054,56.1405,41.5042,0,42.1054,42.1054,0,0,0,0,0.977647,42.1054,0,42.1054,0,17.5501,0,0,42.1054,0,42.1054,21.0527,42.1054,0,3.62411,42.1054,42.1054,17.5501,42.1054,10.3669,39.32,42.1054,39.6463,42.1053,39.1589,0,42.1054,44.4445,0,31.579,0.184454,42.1054,42.1054,0,51.4833,41.9535,42.1054,0,32.8887,42.1053,42.1053,13.3886,42.1054,37.2595,42.1054,42.1053,39.32,39.5639,40.0001,0,39.6493,42.1053,0,42.1054,39.0989,41.5775,0,0,0,0,31.554,0,42.1054,42.1054,0,0,5.43861,0,0.329144,42.1054,38.5966,0,42.1054,42.1054,41.3428,0,42.1053,3.50878,0,42.1054,42.1054,9.39347e-16,42.1054,42.1054,42.1054,42.1053,27.1924,0.423902,0,45.6141,7.54129,0,42.1054,2.58162,42.1054,42.1054,7.05112,0,42.1054,42.1054,0,0,0,0,42.1054,0,0,0,42.1053,0,42.1054,0,39.8568,42.1053,0,83.6629,25.9039,0,0,0,0,42.1054,51.9881,39.5994,0,37.3288,0,42.1054,69.2342,42.1054,42.1054,42.1053,1.07498,42.1054,0.144297,37.1913,0,42.1054,42.1054,81.848,42.1054,0.221756,0.644649,42.1054,42.0001,0,42.1053,42.1053,42.1054,42.1054,36.2428,41.9405,
0,16.6363,0,0,42.1054,38.5966,0,0,0,0,38.5966,42.1054,0,39.3581,70.4976,14.2313,0,42.1054,39.5314,0,0,42.1054,0,41.2143,0,42.1054,38.5966,0,0,40.7496,0,41.0667,12.795,0.0491759,38.5966,34.8973,42.1054,36.6829,2.10526,11.5103,0,42.1054,0,0,42.1053,42.1054,38.8839,39.5985,39.5078,6.45642,54.2106,3.50878,42.1054,42.1054,0,42.1054,20.5409,39.523,42.1054,0,0,35.6315,0,38.1665,42.0001,38.5966,51.9609,0.279511,42.1054,0,0,7.01756,42.7571,0,0,1.29825,39.5458,38.2092,40.6656,0,0,36.5478,0,21.2185,42.1054,0,35.6345,36.6668,0,52.289,0,17.5501,42.1054,42.1054,0,0,0.072501,0,0,0,42.1054,39.9825,0,0,0,40.0001,0,42.1053,0,42.1053,0.0701548,0,42.1054,40.0001,0,0,36.7842,0,24.1117,42.1054,0,0,2.29462,0,0,0,42.1054,39.5639,4.07499e-05,42.1053,42.0148,3.50878,0,42.1054,0,42.1054,42.1054,31.0321,27.1726,16.1526,0,40.0001,0,42.1054,0,0,42.1053,0,42.1053,42.1054,11.8721,40.0001,0,2.76463,42.1053,42.1054,42.1054,42.0001,42.1053,0,0,0,38.1671,0,42.1054,43.2749,0,0,42.1054,42.1054,0,40.0001,42.1054,42.1053,37.8316,42.1054,0.0367994,0,42.1054,42.1054,39.793,33.5508,42.1054,42.1054,9.04102,42.1053,42.1054,42.1054,42.1054,42.1054,0,42.1054,84.2106,40.0001,42.1054,42.1054,42.1054,42.1054,42.1054,42.1054,
0,0,0,0,0,4.8304,0,42.0859,0,0,42.1054,29.2475,0,42.1054,0,42.1054,0,42.0234,0,0,42.1054,0,0,42.1054,0,0.255501,42.1054,0,24.2527,0,0,42.1054,0,40.0001,42.1054,0,0,0,0,42.1053,0,0,42.1054,40.0752,42.1054,41.8381,38.9753,0,1.15363,0,34.6345,42.1054,42.1054,0,0,0,0,38.5966,42.1054,0,0,42.0875,34.328,0,42.1054,42.1053,0,42.1054,0,42.1054,17.0684,37.7815,0,42.1054,0,34.2859,38.2617,0,0.219243,40.7747,0,42.1053,34.4163,42.1054,42.1054,42.1054,37.5543,0,42.1054,78.7721,23.0971,42.1054,42.1053,42.1053,0,0,32.6695,42.1054,39.4822,0,42.1053,0,40.5555,0,42.1054,0,42.1054,38.3191,42.1053,42.1053,42.1054,0,42.1053,42.1053,36.6668,42.1054,41.5961,11.3844,42.1054,0,40.0001,0,0,42.1053,42.1053,0,36.5284,0,42.1054,34.5217,0,42.1054,0,0,42.0001,39.9132,0,42.1054,40.0001,42.1054,0,42.1054,0.684689,42.1053,42.1054,0,37.2579,25.2381,0,0,42.1054,0,42.1053,41.7871,42.1053,0,42.1054,0,42.1054,0,42.1054,39.9068,0,42.1053,45.6141,42.1054,42.1053,42.1054,42.1054,0,0,0.808222,11.1448,42.1054,42.1054,42.1054,28.7901,0,0,42.1054,42.1054,42.1054,42.1054,42.1054,42.1054,0,0,42.1054,42.1054,42.1054,37.9966,42.1054,0,42.1054,42.1054,42.1054,0,1.53509,42.0001,38.0001,
0,0,0,0,0,0,34.9334,0,0,0.841866,42.1053,0,0,0,42.1054,42.1054,42.1053,15.8956,42.1054,42.1054,78.7799,42.1054,42.1054,2.10526,37.969,42.1054,0,0,21.0526,42.1054,0.0293361,0,0.0512377,84.2107,42.1054,42.1053,42.1054,0,17.5783,36.6668,42.1054,35.1693,0.587384,0,42.1054,0,42.1054,0.178437,0,3.50878,42.1053,0,5.96472,0.00214048,42.1054,0,31.8284,42.1054,0,0,42.1054,0,0,0,41.6672,42.1054,42.1054,0,42.1054,0,42.1053,42.1054,39.9338,42.1054,39.57,0,42.1054,17.104,42.1054,42.1054,39.9118,42.1054,37.3086,0,42.1053,42.1054,35.2222,42.1054,42.1054,0,42.1053,42.1053,42.1054,0,38.5966,0,0,0,42.1053,0,0,34.0037,0,0,42.1054,0,1.41788,37.4124,42.1054,42.1054,42.1054,42.1053,6.45642,0,42.091,41.4654,0,36.3603,32.6283,0,37.0001,0,42.1054,0,0,3.17268,42.1054,35.0878,0,42.1054,0,36.6668,42.1054,21.0527,42.1054,42.1053,0,35.0878,42.1054,42.1054,2.47112,0,42.0001,42.1054,2.10526,42.1054,41.8279,0,0,42.1054,41.9544,42.0001,42.1054,0,0,0,8.3097,0,42.1054,42.9404,42.1054,42.1054,42.1054,42.1054,0,42.1054,25.708,42.1054,41.7686,0,42.1054,37.7194,42.1053,35.1415,42.1053,38.5966,4.60576,0,42.1053,42.1054,0,42.1053,42.1053,42.1054,42.1053,42.1054,42.1054,42.1054,1.92747e-07,1.341e-05,42.1054,2.10526,40.9269,39.9326,42.1054,42.1054,38.6066,2.08055,42.1054,0,
42.1054,42.0518,2.10526,0,42.1054,0,42.1054,0,3.97373,0,42.1054,0,17.0058,38.3191,0,0,0,42.1054,42.1054,0,42.1054,0,42.1054,0,0,0,0,42.1053,42.1054,0,42.1054,42.1054,16.1878,0,0,0,0,0,0,42.1053,42.1053,3.75411,42.1053,42.1054,0,32.8483,42.1054,0,42.1054,42.1054,0.060882,42.1053,0,19.1885,0,42.1054,41.0962,27.9326,3.50878,42.1054,42.1054,0,0.752381,0,42.1054,42.1054,0,0,22.6164,41.4688,0,0,42.1053,0.285318,0,0,42.1054,40.8898,41.9155,42.1053,0,0,45.6141,42.1054,0,44.869,19.2804,1.83333,1.66666,42.1054,0.0136156,0,42.1053,0,0,0,17.5838,0,41.9697,35.0217,84.2107,42.1053,0.00342066,0,0,42.1054,0,0,0,42.1053,42.1054,42.1054,0,0,0,42.1054,0,42.1054,0,2.29209,42.1054,0,25.0726,14.4492,0,0,42.1053,40.1756,1.21267e-16,42.1054,40.0001,5.14063,0,3.50878,0,28.7632,38.5966,0,42.1054,42.1054,42.1054,42.1054,0,0,0,42.1054,42.1054,25.0964,42.1054,0.00100502,42.1053,3.50878,40.3476,42.1053,42.1053,42.1054,45.014,0,38.5966,41.4663,42.1054,79.0529,0,0.350877,42.1054,42.1054,42.1054,42.1054,42.1054,0,34.3408,42.1054,42.1054,80.7019,40.0001,42.1054,42.1053,42.0001,42.1054,0,0,1.40351,0,42.1054,42.1054,41.7521,42.1054,42.1053,41.007,84.2107,42.1054,37.7106,42.1054,42.1054,0,42.1054,42.1054,42.1054,42.1054,42.0001,
0,42.1054,0,0,29.774,0,3.50878,0,42.1054,0,42.1054,42.1054,42.1054,0,42.1054,0,42.1054,0,0,42.1054,36.6667,0,38.5966,38.5966,0,42.1054,38.5966,0,21.0527,40.7019,42.1053,42.1054,42.1054,0,0,42.1054,42.1053,42.1054,42.1054,42.1053,42.1054,42.1053,0,0,42.1054,42.1054,42.1053,42.1054,42.1054,0,0,42.1053,38.5966,42.1054,42.1054,42.0001,0,0,0,42.1054,0,42.1054,42.1054,42.1054,0,0,38.5966,0,0,0,0,0,42.1054,40.1756,0,42.1053,42.1054,0,0,0,39.419,0,0,0,0,20.0687,40.0001,42.7311,42.1054,42.1053,0,42.1054,42.1054,42.1054,42.1054,42.1053,41.8733,0,0,0,0,42.1053,42.1053,44.7269,0,0,0,0,40.0001,0,42.1054,0,1.56337e-08,42.1054,42.1054,42.1054,42.0518,42.1054,42.1053,42.1053,42.1054,0,38.5966,42.1054,36.169,42.1054,42.1054,42.1053,42.1053,0,42.0777,41.7545,0,0,42.1054,2.96558,42.1054,42.1054,42.1054,0.0381139,0,29.6635,0,42.1053,42.1054,0,42.1054,38.5966,42.1054,42.1054,16.1503,42.1054,42.1054,42.1054,42.1053,42.1053,42.1053,42.1053,3.50878,42.1054,0,42.1053,0,42.1053,44.869,42.1053,42.1054,2.00878,42.1053,42.1053,42.1054,42.1054,0,63.2111,42.1054,42.1054,42.1053,42.1053,58.7416,42.1054,42.1054,41.2336,37.1416,17.5501,0.0815704,42.1054,42.1054,26.9932,2.10526,0,38.5966,42.1054,0,42.1053,48.4211,38.5966,42.0001,42.1053,75.0237,42.1054,
0,42.1054,42.1054,42.1054,38.5502,30.2388,21.2369,38.5379,1.89406,0,2.10526,0,42.1053,42.1054,42.1054,0,42.1053,14.3527,42.1054,42.1054,40.0001,42.1054,0,42.1054,0,41.8034,0,20.8312,0,42.1054,0,3.50878,0.000802613,7.19436,42.1054,42.1054,3.50878,24.2872,41.4403,0,42.1054,42.1054,0,32.7561,42.1054,0,0,37.1931,3.50878,0,37.071,0,42.1054,0,20.5929,0,42.1054,0,41.2322,42.1053,0,68.1727,36.3655,0,42.1053,39.1606,0.0496246,42.1054,42.1054,0,42.1054,0,42.1053,42.1054,40.0001,42.1054,0,42.1054,42.1054,42.1054,0,42.1054,42.1054,0,3.4544e-05,3.33334,0,0,0.0478459,42.1054,0,0,41.0969,20.7114,40.0001,42.1054,0,3.50878,42.1054,42.1054,0,5.26019,2.80702,40.0001,42.1053,16.9903,42.1053,42.1054,42.1054,42.1054,0,58.2796,3.50878,40.454,42.1053,0,42.1053,0,0,31.1005,42.1054,42.1053,42.1053,0,0,42.1054,0,0,42.1054,39.4212,42.1054,42.1054,0,31.1834,2.63158,42.1054,0,28.3758,42.1054,0,42.1054,3.50878,42.1054,42.1054,0,42.1053,39.7738,0,42.1054,5.36654,42.1053,42.1054,42.1054,42.1053,24.1827,42.1053,0,38.5966,80.7019,38.9056,0,0,42.1054,42.1054,2.51845,41.9299,42.1054,42.1054,42.1054,3.50878,38.5966,42.1054,42.1054,42.1053,0,38.5966,44.9124,42.1053,38.5966,38.5966,42.1054,42.1054,1.09913,0,35.445,42.1054,42.1054,42.1053,42.1054,42.1053,41.7461,0,42.1054,42.1054,42.1054,0,41.6216,38.5966,42.1053,42.1054,
26.2309,3.50793,39.2588,42.1054,0,39.0785,42.1054,40.0001,42.1054,0,42.1054,42.1053,26.422,0,77.1931,42.1054,32.3321,0,38.0969,17.2732,0,2.50878,0.127055,38.9924,42.1053,42.1054,42.1054,42.1054,0,0,42.1054,42.1053,0,0,42.1054,42.1054,42.1054,42.1054,39.5917,0,0,30.3764,38.9476,35.0878,0,42.1054,42.1054,0,42.1053,42.1054,42.1054,72.8723,39.4212,12.7721,40.0001,3.50878,40.0001,0,39.9995,3.50877,0,0,31.5664,39.4212,3.66173,40.0001,40.0001,76.3561,29.49,41.9607,42.1054,42.1054,42.1053,42.1054,42.1054,42.1054,0,0,42.1054,0,42.1054,42.1054,42.1054,0,27.2183,0.0380189,38.5966,17.5501,42.1054,42.1054,80.7019,73.48,42.1054,0,0.751301,40.0001,42.1054,0,0,42.1054,40.331,42.1054,41.7576,42.1054,25.9211,40.9788,0.2411,0,38.5966,0,42.1054,39.4212,3.50878,39.5941,0,0,0,40.9282,38.5966,0,0,41.0803,0,42.1054,0,0,40.0001,0,42.1054,42.1054,40.0001,0,42.1053,39.5518,42.1054,0,29.9554,0,42.1054,38.5966,0,0,3.50878,42.1053,38.4089,0,33.6426,42.1054,0,38.5966,5.43861,3.50878,3.50878,0,42.1054,0,42.1054,0,42.1054,28.8641,41.2682,0,38.5966,39.7468,42.1054,38.5966,39.6302,39.574,42.1054,42.1054,42.1053,42.1054,0,0,42.1053,42.1053,84.2107,7.40324,3.44591,42.1054,42.1054,0,0,42.1054,0.072629,42.1054,42.1053,42.1054,42.1054,0,2.10526,39.7548,42.1053,39.7236,42.1053,38.5966,42.1053,2.10526,42.1054,42.1054,
0.91328,35.4782,42.1054,2.76365,42.1054,0,76.3722,0,42.1054,0,0,42.5789,0,38.5284,0,0,38.9476,3.50878,42.1054,0,42.769,3.50878,38.5966,42.1054,76.3158,42.1054,0,42.1054,42.1054,0,42.1053,42.1053,0,0,42.1054,42.1054,0,0,87.5704,32.6316,5.26317,0,3.50878,42.1054,0,2.80703,42.1054,0,8.9929,0,36.7864,84.2107,7.12379e-20,42.1054,0.00433018,42.1054,0,0,0,33.0649,0,41.2307,3.50878,42.1053,0.394014,42.1054,0.0707108,42.1054,42.1053,6.03083e-05,0,0,40.0001,3.50878,42.1054,0,3.50878,42.1054,38.9079,44.2106,25.2985,0,42.1054,40.2667,42.1054,33.1881,0.0814443,42.1054,42.1053,42.1053,3.50878,42.1054,0,35.5949,0,39.3291,39.4212,0,0,38.6586,0,33.6426,42.1053,0,42.1054,0,3.50878,0,40.0001,0,0,0,16.1609,0,42.1054,40.0001,40.0001,42.1054,0,39.2835,0,42.0274,0,0.736044,40.0001,2.10526,16.0364,42.0728,0,0,42.1054,42.0001,42.1054,42.1054,0,0,0.0625355,42.1054,42.1054,81.2443,2.18688,0,0,42.1054,40.0001,3.50878,42.0054,9.91939,0,0,0,42.1053,24.4158,40.0001,17.5748,0,40.0001,42.1054,42.1054,0,40.0001,42.1054,42.1054,40.0001,0,42.1054,42.1054,0,42.1054,0,42.1054,40.0001,15.4694,2.76365,7.00587,0,42.1053,0,17.0541,7.85683,39.4212,42.1054,33.9346,0,42.1054,42.1054,3.50878,42.1054,42.1054,42.1054,0,42.1054,40.0001,42.1054,2.10526,42.1053,40.0001,42.1054,0,0,
0,0,3.9526e-08,41.4688,0,0,0,0,0,3.50878,0,1.32674,0,42.1053,39.8221,0,0,42.1054,40.0001,0,42.1054,0,39.5743,42.1054,0,0,42.1054,0,0.701758,40.0001,44.8706,42.1054,0,0,0,42.1054,49.1229,42.1054,42.1054,38.2853,0,42.1054,38.5966,42.1054,0,0,0,39.6067,0,0,3.50878,40.9818,6.49943,42.1054,42.1054,42.1053,31.2335,40.0001,0,0,42.1054,0.384154,42.1054,42.1054,42.1054,0,45.6141,0,1.92256,0,42.1053,42.1054,0.0459573,104.009,3.50878,42.1053,42.1054,42.1054,1.35689,0,0,0,41.1015,42.0708,42.1054,0,0,80.7019,84.2107,0,3.50878,37.2808,0,0,42.1054,42.1053,75.2741,0,40.0001,25.9211,0,40.0001,39.8422,42.1054,42.1054,48.9474,42.1054,41.579,42.1054,0.388186,40.0001,42.1054,42.1054,42.1054,32.2964,42.1054,42.1054,0,0,42.1053,40.0001,0,86.9273,42.1054,0,0,42.1054,0,42.1054,0,0,0,39.4173,0,42.0433,21.0746,0,1.66756,42.1054,41.9271,42.1054,37.7569,40.0001,1.74519,14.1845,42.1054,42.1054,0,42.1054,42.0658,36.2754,42.1054,0,41.319,42.4093,6.45642,0,42.0001,40.3436,42.1054,42.1054,52.6317,40.0001,0,42.1054,42.1054,42.1053,0,0,84.2107,42.1054,38.0001,39.4212,42.1054,41.998,51.9299,42.1054,2.03764,42.1054,0,38.5966,42.1054,40.2972,42.1054,42.1054,0,0,42.0983,42.1054,0,42.1054,42.1054,42.1054,0,42.1054,42.1054,0,11.4521,42.1054,42.1053,
